startdepot,returndepot,numOrders,LIFO,maxOrder,radius,stop,detour
B01FE15XQH,B0FFGPRVIT,876,1,5,40,400,10
# orders
id,origin,org_city,destination,dest_city,distance,duration,pallet,dayo,to,dayd,td,LTL
1,B0FFK4CQ2L,Changzhou,B0FFI8WH5V,Suzhou,83.508,1.36666666666667,14,day 0,12:00,day 0,24:00,5284.077316
2,B0FFHE4XO4,Changzhou,B0FFG94S3Z,Shanghai,198.929,2.75,9,day 0,12:00,day 0,24:00,3396.906846
3,B0FFHLH9SB,Zhenjiang,B0FFFA2AO6,Shanghai,233.68,3,11,day 0,08:00,day 0,20:00,4151.775034
4,B0FFITJD3C,Wuxi,B0FFGPRVIT,Shanghai,128.136,1.76666666666667,9,day 0,12:00,day 0,24:00,3396.906846
5,B0GKC6MA4E,Yangzhou,B0FFH62FC9,Shanghai,311.171,4,14,day 0,08:00,day 0,20:00,5284.077316
6,B0FFIS83Q7,Zhenjiang,B0FFHNXOVT,Suzhou,196.001,2.61666666666667,15,day 0,12:00,day 0,24:00,5661.51141
7,B0FFHJD9U9,Wuxi,B0FFI9JCED,Shanghai,126.635,1.91666666666667,15,day 0,12:00,day 0,24:00,5661.51141
8,B01FE0J0V7,Wuxi,B0FFHNXOVT,Suzhou,125.322,1.68333333333333,11,day 0,08:00,day 0,20:00,4151.775034
9,B01FE15XQH,Wuxi,B0FFGIBTXI,Suzhou,119.759,1.85,10,day 0,08:00,day 0,20:00,3774.34094
10,B0G13KYBJL,Nanjing,B0FFL37B6B,Suzhou,281.782,3.41666666666667,17,day 0,08:00,day 0,20:00,6416.379598
11,B0G1AO0IBH,Nanjing,B0FFGIBTXI,Suzhou,230.804,2.81666666666667,5,day 0,12:00,day 0,24:00,1887.17047
12,B0FFF4HNKG,Yangzhou,B0FFJ1CPHP,Shanghai,240.708,3.05,16,day 0,12:00,day 0,24:00,6038.945504
13,B0H1TCJ4IO,Yangzhou,B0FFL7OZ0J,Wuxi,158.609,2.38333333333333,14,day 0,12:00,day 0,24:00,5284.077316
14,B0G0ZLYTOF,Nanjing,B00156GGDT,Shanghai,305.017,4.38333333333333,14,day 0,12:00,day 0,24:00,5284.077316
15,B0GUCU8FLD,Zhenjiang,B01FE15XQH,Wuxi,117.118,1.85,13,day 0,08:00,day 0,20:00,4906.643222
16,B0H1TCJ4IO,Yangzhou,B0FFG94S3Z,Shanghai,282.836,3.7,8,day 0,12:00,day 0,24:00,3019.472752
17,B0G13KYBJL,Nanjing,B0FFI8WH5V,Suzhou,228.09,2.81666666666667,4,day 0,08:00,day 0,20:00,1509.736376
18,B0FFF8Z69A,Changzhou,B0FFI8WH5V,Suzhou,109.715,1.71666666666667,17,day 0,12:00,day 0,24:00,6416.379598
19,B0GUAXEBYM,Changzhou,B0FFI9JCED,Shanghai,158.791,2.11666666666667,5,day 0,08:00,day 0,20:00,1887.17047
20,B0GUCU8FLD,Zhenjiang,B0FFH0WGKS,Suzhou,215.252,2.7,13,day 0,08:00,day 0,20:00,4906.643222
21,B0FFK7ZQFN,Wuxi,B0FFLCF954,Shanghai,110.603,1.9,11,day 0,08:00,day 0,20:00,4151.775034
22,B0FFHE4XO4,Changzhou,B02000JR6M,Suzhou,87.795,1.53333333333333,10,day 0,08:00,day 0,20:00,3774.34094
23,B0FFGTI293,Changzhou,B0GDDXZDXN,Suzhou,150.229,1.93333333333333,5,day 0,12:00,day 0,24:00,1887.17047
24,B0FFGTI293,Changzhou,B0FFGZQ43R,Wuxi,76.313,1.31666666666667,14,day 0,12:00,day 0,24:00,5284.077316
25,B020216GML,Yangzhou,B0FFGJ1NAK,Suzhou,173.816,2.35,11,day 0,08:00,day 0,20:00,4151.775034
26,B00190CNHV,Nanjing,B0FFH62FC9,Shanghai,313.503,3.51666666666667,8,day 0,08:00,day 0,20:00,3019.472752
27,B0FFGTI293,Changzhou,B0FFFU612V,Wuxi,56.767,1.13333333333333,17,day 0,12:00,day 0,24:00,6416.379598
28,B0GKC6MA4E,Yangzhou,B0FFITJD3C,Wuxi,197.548,3.21666666666667,17,day 0,08:00,day 0,20:00,6416.379598
29,B0FFHLH9SB,Zhenjiang,B0FFI9JCED,Shanghai,216.24,2.81666666666667,8,day 0,12:00,day 0,24:00,3019.472752
30,B0GUAXEBYM,Changzhou,B0FFFOM198,Suzhou,65.966,1.13333333333333,7,day 0,12:00,day 0,24:00,2642.038658
31,B0GKC6MA4E,Yangzhou,B0FFGIBTXI,Suzhou,240.741,3.11666666666667,18,day 0,12:00,day 0,24:00,6793.813692
32,B0FFL9Q85P,Nanjing,B01FE15XQH,Wuxi,143.129,2.2,12,day 0,08:00,day 0,20:00,4529.209128
33,B0FFG2575E,Zhenjiang,B0FFH62FC9,Shanghai,268.022,3.31666666666667,8,day 0,12:00,day 0,24:00,3019.472752
34,B0FFHE4XO4,Changzhou,B0FFFOM198,Suzhou,88.841,1.35,7,day 0,08:00,day 0,20:00,2642.038658
35,B0G1AO0IBH,Nanjing,B0FFHJD9U9,Wuxi,136.963,1.83333333333333,11,day 0,12:00,day 0,24:00,4151.775034
36,B0FFITJD3C,Wuxi,B0FFKZGWZ9,Suzhou,101.378,1.51666666666667,9,day 0,12:00,day 0,24:00,3396.906846
37,B0HDRHT0UU,Nanjing,B00156ODDT,Shanghai,309.077,3.75,8,day 0,12:00,day 0,24:00,3019.472752
38,B01FE15UUN,Wuxi,B01FE0J0V7,Wuxi,69.639,1.2,15,day 0,12:00,day 0,24:00,5661.51141
39,B0FFF8Z69A,Changzhou,B0FFHY6PN3,Suzhou,120.413,1.86666666666667,9,day 0,12:00,day 0,24:00,3396.906846
40,B0FFH4SOJP,Nanjing,B0FFFU612V,Wuxi,137.47,1.75,14,day 0,12:00,day 0,24:00,5284.077316
41,B020216GML,Yangzhou,B0IG9RDYYV,Suzhou,193.724,2.71666666666667,12,day 0,08:00,day 0,20:00,4529.209128
42,B01FE15UUN,Wuxi,B0FFHDQA5M,Suzhou,56.183,0.916666666666667,18,day 0,08:00,day 0,20:00,6793.813692
43,B0HDRHT0UU,Nanjing,B0FFH0WGKS,Suzhou,266.235,3.3,11,day 0,08:00,day 0,20:00,4151.775034
44,B0FFHF2VI7,Wuxi,B0FFH0WGKS,Suzhou,79.393,1.35,7,day 0,08:00,day 0,20:00,2642.038658
45,B0FFK83QI3,Nanjing,B0FFF4JOKL,Suzhou,248.227,2.9,8,day 0,08:00,day 0,20:00,3019.472752
46,B00190CNHV,Nanjing,B0FFGAIWAV,Suzhou,252.816,3.1,12,day 0,12:00,day 0,24:00,4529.209128
47,B01FE15XQH,Wuxi,B0FFHFSCFH,Suzhou,119.851,1.83333333333333,18,day 0,12:00,day 0,24:00,6793.813692
48,B020215DUP,Yangzhou,B0FFGZQ43R,Wuxi,153.636,2.25,13,day 0,12:00,day 0,24:00,4906.643222
49,B0FFHF2VI7,Wuxi,B0FFHD3E8G,Suzhou,62.924,1.18333333333333,14,day 0,08:00,day 0,20:00,5284.077316
50,B0G0ZLYTOF,Nanjing,B0FFKDRXE8,Shanghai,332.689,4.5,15,day 0,08:00,day 0,20:00,5661.51141
51,B0FFFRS0IH,Nanjing,B0FFHF2VI7,Wuxi,162.024,2.31666666666667,10,day 0,12:00,day 0,24:00,3774.34094
52,B0202173FW,Yangzhou,B0FFH6WPC3,Shanghai,311.895,4,15,day 0,12:00,day 0,24:00,5661.51141
53,B0G0ZLYTOF,Nanjing,B0FFJRVTYE,Shanghai,290.916,3.88333333333333,14,day 0,08:00,day 0,20:00,5284.077316
54,B0FFL7OZ0J,Wuxi,B0G2MKTPMP,Shanghai,127.539,1.73333333333333,7,day 0,08:00,day 0,20:00,2642.038658
55,B0FFG0GSMW,Yangzhou,B0FFH61OBO,Suzhou,310.296,4.25,14,day 0,08:00,day 0,20:00,5284.077316
56,B01FE15UUN,Wuxi,B0FFHD3E8G,Suzhou,72.768,1.2,12,day 0,12:00,day 0,24:00,4529.209128
57,B01FE0J0V7,Wuxi,B02000JJN1,Suzhou,88.442,1.36666666666667,5,day 0,08:00,day 0,20:00,1887.17047
58,B0FFGTI293,Changzhou,B0FFKZGWZ9,Suzhou,153.419,2.11666666666667,17,day 0,12:00,day 0,24:00,6416.379598
59,B0GUCU8FLD,Zhenjiang,B0FFG94S3Z,Shanghai,286.533,3.56666666666667,17,day 0,08:00,day 0,20:00,6416.379598
60,B0FFGYNGHQ,Changzhou,B0I6TYMZJG,Suzhou,147.911,1.83333333333333,13,day 0,12:00,day 0,24:00,4906.643222
61,B0FFK7ZQFN,Wuxi,B0FFL37B6B,Suzhou,117.127,1.68333333333333,12,day 0,12:00,day 0,24:00,4529.209128
62,B020216GML,Yangzhou,B01FE0J0V7,Wuxi,117.851,1.73333333333333,18,day 0,12:00,day 0,24:00,6793.813692
63,B00190CNHV,Nanjing,B0FFHY6PN3,Suzhou,213.885,2.6,19,day 0,12:00,day 0,24:00,7171.247786
64,B0GUCU8FLD,Zhenjiang,B0FFFU612V,Wuxi,130.582,1.71666666666667,11,day 0,08:00,day 0,20:00,4151.775034
65,B0G13KYBJL,Nanjing,B0G2MKTPMP,Shanghai,307.432,3.61666666666667,12,day 0,08:00,day 0,20:00,4529.209128
66,B0FFH70JG8,Nanjing,B0FFKDRXE8,Shanghai,353.928,4.2,17,day 0,08:00,day 0,20:00,6416.379598
67,B020215DUP,Yangzhou,B02000JR6M,Suzhou,178.907,2.5,20,day 0,08:00,day 0,20:00,7548.68188
68,B0FFF4HNKG,Yangzhou,B02001C3PG,Suzhou,164.2,2.2,7,day 0,12:00,day 0,24:00,2642.038658
69,B020216GML,Yangzhou,B02000JJ21,Suzhou,187.451,2.61666666666667,16,day 0,08:00,day 0,20:00,6038.945504
70,B0FFGZQ43R,Wuxi,B0FFHFSCFH,Suzhou,69.104,1.25,20,day 0,12:00,day 0,24:00,7548.68188
71,B0HDRHT0UU,Nanjing,B02000JJN1,Suzhou,256.328,3.18333333333333,17,day 0,12:00,day 0,24:00,6416.379598
72,B0FFGZQ43R,Wuxi,B0FFKDRXE8,Shanghai,178.212,2.4,18,day 0,12:00,day 0,24:00,6793.813692
73,B0FFH3869T,Zhenjiang,B0GDDXZDXN,Suzhou,240.094,2.9,19,day 0,08:00,day 0,20:00,7171.247786
74,B0FFL9CGXN,Nanjing,B0FFHNXOVT,Suzhou,258.747,3.4,14,day 0,08:00,day 0,20:00,5284.077316
75,B0FFK4CQ2L,Changzhou,B00156ODDT,Shanghai,161.993,2.2,8,day 0,08:00,day 0,20:00,3019.472752
76,B0FFGYNGHQ,Changzhou,B0FFITJD3C,Wuxi,80.759,1.73333333333333,6,day 0,12:00,day 0,24:00,2264.604564
77,B0G0ZLYTOF,Nanjing,B0FFF4JOKL,Suzhou,251.392,3.55,16,day 0,08:00,day 0,20:00,6038.945504
78,B0FFHE4XO4,Changzhou,B0FFHFSCFH,Suzhou,120.089,1.98333333333333,12,day 0,12:00,day 0,24:00,4529.209128
79,B0FFHJD9U9,Wuxi,B0GDDXZDXN,Suzhou,98.035,1.48333333333333,17,day 0,12:00,day 0,24:00,6416.379598
80,B0FFK7ZQFN,Wuxi,B0IG9RDYYV,Suzhou,90.164,1.38333333333333,8,day 0,08:00,day 0,20:00,3019.472752
81,B0FFIS83Q7,Zhenjiang,B00156GGDT,Shanghai,242.905,3.33333333333333,6,day 0,08:00,day 0,20:00,2264.604564
82,B0FFL9Q85P,Nanjing,B0FFHJD9U9,Wuxi,155.164,2,8,day 0,08:00,day 0,20:00,3019.472752
83,B01FE0J0V7,Wuxi,B0FFH0WGKS,Suzhou,98.349,1.5,13,day 0,12:00,day 0,24:00,4906.643222
84,B0FFIS83Q7,Zhenjiang,B0FFGAIWAV,Suzhou,182.885,2.46666666666667,14,day 0,12:00,day 0,24:00,5284.077316
85,B0FFIS83Q7,Zhenjiang,B0FFITJD3C,Wuxi,123.873,2.38333333333333,5,day 0,08:00,day 0,20:00,1887.17047
86,B0FFK4CQ2L,Changzhou,B0FFI9JCED,Shanghai,156.543,2.25,11,day 0,12:00,day 0,24:00,4151.775034
87,B0FFH4SOJP,Nanjing,B0FFHJD9U9,Wuxi,138.643,1.86666666666667,6,day 0,12:00,day 0,24:00,2264.604564
88,B020215DUP,Yangzhou,B0FFHFSCFH,Suzhou,211.201,2.85,15,day 0,12:00,day 0,24:00,5661.51141
89,B01FE15UUN,Wuxi,B00156GGDT,Shanghai,163.114,2.23333333333333,15,day 0,08:00,day 0,20:00,5661.51141
90,B0202173FW,Yangzhou,B0FFL37B6B,Suzhou,262.726,3.33333333333333,6,day 0,12:00,day 0,24:00,2264.604564
91,B0HDRHT0UU,Nanjing,B0FFJ1CPHP,Shanghai,299.655,3.6,9,day 0,08:00,day 0,20:00,3396.906846
92,B0FFHCRHH3,Changzhou,B0FFHNXOVT,Suzhou,145.484,1.95,16,day 0,08:00,day 0,20:00,6038.945504
93,B0FFFRS0IH,Nanjing,B0FFI9JCED,Shanghai,269.616,3.33333333333333,17,day 0,08:00,day 0,20:00,6416.379598
94,B0GUAXEBYM,Changzhou,B0FFF4JOKL,Suzhou,141.651,1.95,5,day 0,08:00,day 0,20:00,1887.17047
95,B0G3AZBRXL,Yangzhou,B0FFJ1CPHP,Shanghai,241.577,2.96666666666667,20,day 0,08:00,day 0,20:00,7548.68188
96,B0GUAXEBYM,Changzhou,B0FFHC9CJ8,Suzhou,68.284,1.33333333333333,9,day 0,12:00,day 0,24:00,3396.906846
97,B0GUCU8FLD,Zhenjiang,B0FFFTQ4U7,Wuxi,158.164,2.15,16,day 0,08:00,day 0,20:00,6038.945504
98,B0FFG2575E,Zhenjiang,B01FE15UUN,Wuxi,157.253,2.01666666666667,11,day 0,08:00,day 0,20:00,4151.775034
99,B020215DUP,Yangzhou,B0FFKZGWZ9,Suzhou,215.774,2.76666666666667,9,day 0,08:00,day 0,20:00,3396.906846
100,B0FFG0GSMW,Yangzhou,B02000JJN1,Suzhou,288.146,3.98333333333333,16,day 0,12:00,day 0,24:00,6038.945504
101,B0FFL9CGXN,Nanjing,B0FFHFSCFH,Suzhou,224.215,3.05,10,day 0,12:00,day 0,24:00,3774.34094
102,B0FFGYNGHQ,Changzhou,B0FFGZQ43R,Wuxi,60.79,1.11666666666667,9,day 0,08:00,day 0,20:00,3396.906846
103,B0FFH4SOJP,Nanjing,B0FFKZGWZ9,Suzhou,234.122,2.88333333333333,18,day 0,12:00,day 0,24:00,6793.813692
104,B0FFH1DRA5,Nanjing,B0FFH6WPC3,Shanghai,309.719,3.73333333333333,8,day 0,08:00,day 0,20:00,3019.472752
105,B0FFHJD9U9,Wuxi,B0FFKSVI1S,Shanghai,164.096,2.33333333333333,17,day 0,08:00,day 0,20:00,6416.379598
106,B0FFJONTQ7,Changzhou,B0FFH61OBO,Suzhou,147.509,2,9,day 0,12:00,day 0,24:00,3396.906846
107,B0FFK4CQ2L,Changzhou,B0FFGPRVIT,Shanghai,175.055,2.38333333333333,14,day 0,08:00,day 0,20:00,5284.077316
108,B0FFG9F43K,Changzhou,B0FFGAIWAV,Suzhou,122.189,1.65,8,day 0,12:00,day 0,24:00,3019.472752
109,B0FFH4SOJP,Nanjing,B01FE15XQH,Wuxi,153.068,1.93333333333333,8,day 0,12:00,day 0,24:00,3019.472752
110,B0FFH70JG8,Nanjing,B0FFHFSCFH,Suzhou,244.82,2.9,7,day 0,12:00,day 0,24:00,2642.038658
111,B0FFFU612V,Wuxi,B0GDDXZDXN,Suzhou,114.113,1.55,10,day 0,12:00,day 0,24:00,3774.34094
112,B01FE15XQH,Wuxi,B0FFFOM198,Suzhou,88.952,1.5,16,day 0,08:00,day 0,20:00,6038.945504
113,B0FFLC9J93,Nanjing,B01FE0J0V7,Wuxi,198.594,2.91666666666667,14,day 0,12:00,day 0,24:00,5284.077316
114,B0G3AZBRXL,Yangzhou,B0FFFA2AO6,Shanghai,276.79,3.56666666666667,17,day 0,08:00,day 0,20:00,6416.379598
115,B0FFHE4XO4,Changzhou,B0FFLCF954,Shanghai,168.084,2.83333333333333,16,day 0,12:00,day 0,24:00,6038.945504
116,B01FE15UUN,Wuxi,B0FFI9JCED,Shanghai,126.629,1.8,20,day 0,08:00,day 0,20:00,7548.68188
117,B0FFLC9J93,Nanjing,B0FFFOM198,Suzhou,223.317,3.1,12,day 0,12:00,day 0,24:00,4529.209128
118,B0HDRHT0UU,Nanjing,B0FFJRVTYE,Shanghai,326.011,3.88333333333333,4,day 0,08:00,day 0,20:00,1509.736376
119,B0FFG9F43K,Changzhou,B0FFGJ1NAK,Suzhou,84.865,1.36666666666667,14,day 0,08:00,day 0,20:00,5284.077316
120,B0GUAXEBYM,Changzhou,B0I6TYMZJG,Suzhou,143.396,1.73333333333333,13,day 0,12:00,day 0,24:00,4906.643222
121,B0FFHLH9SB,Zhenjiang,B0FFH6WPC3,Shanghai,246.066,3.18333333333333,16,day 0,12:00,day 0,24:00,6038.945504
122,B020215DUP,Yangzhou,B0FFFTQ4U7,Wuxi,146.704,2.05,11,day 0,12:00,day 0,24:00,4151.775034
123,B0FFK4CQ2L,Changzhou,B0FFFTQ4U7,Wuxi,61.934,1.33333333333333,15,day 0,12:00,day 0,24:00,5661.51141
124,B0FFITJD3C,Wuxi,B0FFH61OBO,Suzhou,84.475,1.3,8,day 0,08:00,day 0,20:00,3019.472752
125,B0FFH3869T,Zhenjiang,B00156D6K6,Shanghai,309.264,3.8,7,day 0,08:00,day 0,20:00,2642.038658
126,B0FFLC9J93,Nanjing,B0IGCZC15I,Suzhou,277.336,3.56666666666667,4,day 0,12:00,day 0,24:00,1509.736376
127,B01FE15UUN,Wuxi,B0FFJ1CPHP,Shanghai,99.921,1.5,14,day 0,12:00,day 0,24:00,5284.077316
128,B0GUCU8FLD,Zhenjiang,B0G2MKTPMP,Shanghai,258.951,3.16666666666667,5,day 0,08:00,day 0,20:00,1887.17047
129,B0FFL9CGXN,Nanjing,B0FFJN8WFQ,Wuxi,178.612,2.61666666666667,16,day 0,12:00,day 0,24:00,6038.945504
130,B0FFHLH9SB,Zhenjiang,B0FFGAIWAV,Suzhou,192.705,2.48333333333333,13,day 0,08:00,day 0,20:00,4906.643222
131,B0HDRHT0UU,Nanjing,B0FFK7ZQFN,Wuxi,205.421,2.56666666666667,11,day 0,12:00,day 0,24:00,4151.775034
132,B0GKC6MA4E,Yangzhou,B0FFLCF954,Shanghai,270.962,3.73333333333333,18,day 0,08:00,day 0,20:00,6793.813692
133,B0FFFRXR3L,Yangzhou,B0FFFOM198,Suzhou,260.001,3.83333333333333,9,day 0,08:00,day 0,20:00,3396.906846
134,B0FFH1DRA5,Nanjing,B0FFG94S3Z,Shanghai,313.782,3.65,11,day 0,08:00,day 0,20:00,4151.775034
135,B0FFH4SOJP,Nanjing,B02000JJN1,Suzhou,212.362,2.63333333333333,4,day 0,08:00,day 0,20:00,1509.736376
136,B0G3AZBRXL,Yangzhou,B0FFH61OBO,Suzhou,234.201,3.01666666666667,10,day 0,12:00,day 0,24:00,3774.34094
137,B0FFFTQ4U7,Wuxi,B0FFH6WPC3,Shanghai,166.678,2.26666666666667,6,day 0,08:00,day 0,20:00,2264.604564
138,B0202150WR,Yangzhou,B0FFF4JOKL,Suzhou,222.693,2.96666666666667,9,day 0,12:00,day 0,24:00,3396.906846
139,B0FFFU612V,Wuxi,B00156ODDT,Shanghai,148.163,1.98333333333333,6,day 0,08:00,day 0,20:00,2264.604564
140,B0FFL9CGXN,Nanjing,B00156ODDT,Shanghai,274.616,3.58333333333333,17,day 0,12:00,day 0,24:00,6416.379598
141,B0FFG0GSMW,Yangzhou,B0GDDXZDXN,Suzhou,306.845,4.15,9,day 0,12:00,day 0,24:00,3396.906846
142,B0FFHF2VI7,Wuxi,B0FFKDRXE8,Shanghai,180.942,2.55,14,day 0,08:00,day 0,20:00,5284.077316
143,B0GKC6MA4E,Yangzhou,B0FFHDQA5M,Suzhou,220.079,2.85,12,day 0,08:00,day 0,20:00,4529.209128
144,B020215DUP,Yangzhou,B0FFHD3E8G,Suzhou,202.291,2.73333333333333,12,day 0,08:00,day 0,20:00,4529.209128
145,B0FFF4HNKG,Yangzhou,B0FFF4JOKL,Suzhou,227.54,3.11666666666667,6,day 0,08:00,day 0,20:00,2264.604564
146,B00190CNHV,Nanjing,B0IG9RDYYV,Suzhou,230.045,2.9,9,day 0,08:00,day 0,20:00,3396.906846
147,B0FFLC9J93,Nanjing,B01FE15UUN,Wuxi,235.962,3.23333333333333,8,day 0,12:00,day 0,24:00,3019.472752
148,B0FFLC9J93,Nanjing,B0FFJ1CPHP,Shanghai,311.683,4.43333333333333,20,day 0,08:00,day 0,20:00,7548.68188
149,B0FFGTI293,Changzhou,B0IG9RDYYV,Suzhou,132.523,1.86666666666667,10,day 0,08:00,day 0,20:00,3774.34094
150,B0GUAXEBYM,Changzhou,B0FFHY6PN3,Suzhou,107.798,1.56666666666667,16,day 0,12:00,day 0,24:00,6038.945504
151,B0FFGTI293,Changzhou,B0FFK7ZQFN,Wuxi,80.623,1.25,7,day 0,08:00,day 0,20:00,2642.038658
152,B0FFK4CQ2L,Changzhou,B01FE15UUN,Wuxi,76.721,1.28333333333333,5,day 0,08:00,day 0,20:00,1887.17047
153,B0FFK4CQ2L,Changzhou,B0FFFOM198,Suzhou,80.693,1.38333333333333,4,day 0,08:00,day 0,20:00,1509.736376
154,B0FFF4HNKG,Yangzhou,B0FFH0WGKS,Suzhou,207.288,2.81666666666667,19,day 0,12:00,day 0,24:00,7171.247786
155,B0FFF4HNKG,Yangzhou,B01FE15XQH,Wuxi,96.03,1.71666666666667,10,day 0,08:00,day 0,20:00,3774.34094
156,B0GKC6MA4E,Yangzhou,B0FFH61OBO,Suzhou,254.946,3.28333333333333,14,day 0,08:00,day 0,20:00,5284.077316
157,B0HDRHT0UU,Nanjing,B0FFKDRXE8,Shanghai,367.784,4.51666666666667,6,day 0,12:00,day 0,24:00,2264.604564
158,B0G1AO0IBH,Nanjing,B01FE15XQH,Wuxi,151.388,1.91666666666667,13,day 0,12:00,day 0,24:00,4906.643222
159,B00190CNHV,Nanjing,B0FFJRVTYE,Shanghai,304.811,3.35,9,day 0,08:00,day 0,20:00,3396.906846
160,B0FFL9Q85P,Nanjing,B0FFGJ1NAK,Suzhou,215.323,2.68333333333333,10,day 0,12:00,day 0,24:00,3774.34094
161,B0FFL9Q85P,Nanjing,B00156GGDT,Shanghai,312.667,3.85,6,day 0,12:00,day 0,24:00,2264.604564
162,B0FFL9CGXN,Nanjing,B02001C3PG,Suzhou,188.686,2.75,11,day 0,12:00,day 0,24:00,4151.775034
163,B0FFK4CQ2L,Changzhou,B0FFITJD3C,Wuxi,73.996,1.75,8,day 0,08:00,day 0,20:00,3019.472752
164,B0FFG9F43K,Changzhou,B0FFHDQA5M,Suzhou,98.014,1.38333333333333,18,day 0,08:00,day 0,20:00,6793.813692
165,B0FFH4SOJP,Nanjing,B0FFFA2AO6,Shanghai,277.101,3.3,10,day 0,08:00,day 0,20:00,3774.34094
166,B0FFHE4XO4,Changzhou,B0FFI9JCED,Shanghai,165.04,2.46666666666667,17,day 0,08:00,day 0,20:00,6416.379598
167,B0FFH1DRA5,Nanjing,B0FFFA2AO6,Shanghai,297.333,3.5,6,day 0,08:00,day 0,20:00,2264.604564
168,B0FFHLH9SB,Zhenjiang,B0FFI8WH5V,Suzhou,143.205,1.95,12,day 0,08:00,day 0,20:00,4529.209128
169,B0G3AZBRXL,Yangzhou,B0FFHDQA5M,Suzhou,197.839,2.46666666666667,7,day 0,12:00,day 0,24:00,2642.038658
170,B0G1AO0IBH,Nanjing,B02000JJ21,Suzhou,205.402,2.65,7,day 0,12:00,day 0,24:00,2642.038658
171,B0FFK83QI3,Nanjing,B00156D6K6,Shanghai,305.937,3.55,14,day 0,12:00,day 0,24:00,5284.077316
172,B0FFF4HNKG,Yangzhou,B0FFHY6PN3,Suzhou,182.343,2.36666666666667,11,day 0,08:00,day 0,20:00,4151.775034
173,B0FFH1DRA5,Nanjing,B0FFLCF954,Shanghai,283.066,3.61666666666667,17,day 0,08:00,day 0,20:00,6416.379598
174,B0FFG0GSMW,Yangzhou,B02000JJ21,Suzhou,282.866,4,8,day 0,08:00,day 0,20:00,3019.472752
175,B0FFHE4XO4,Changzhou,B0FFKDRXE8,Shanghai,229.197,3.21666666666667,10,day 0,12:00,day 0,24:00,3774.34094
176,B0FFF8Z69A,Changzhou,B0FFHF2VI7,Wuxi,75.158,1.63333333333333,11,day 0,08:00,day 0,20:00,4151.775034
177,B0FFG9F43K,Changzhou,B00156ODDT,Shanghai,151.174,1.96666666666667,11,day 0,08:00,day 0,20:00,4151.775034
178,B0FFHLH9SB,Zhenjiang,B0FFL7OZ0J,Wuxi,125.902,1.88333333333333,8,day 0,08:00,day 0,20:00,3019.472752
179,B0FFFRS0IH,Nanjing,B0FFL37B6B,Suzhou,250.273,3.08333333333333,15,day 0,08:00,day 0,20:00,5661.51141
180,B020216GML,Yangzhou,B0FFHF2VI7,Wuxi,132.438,2.21666666666667,14,day 0,12:00,day 0,24:00,5284.077316
181,B0FFLC9J93,Nanjing,B0FFH6WPC3,Shanghai,337.292,4.4,10,day 0,08:00,day 0,20:00,3774.34094
182,B0FFL9Q85P,Nanjing,B0FFL37B6B,Suzhou,256.839,3.08333333333333,14,day 0,08:00,day 0,20:00,5284.077316
183,B020216GML,Yangzhou,B0FFHJD9U9,Wuxi,119.012,1.73333333333333,14,day 0,08:00,day 0,20:00,5284.077316
184,B0FFFTQ4U7,Wuxi,B0FFH0WGKS,Suzhou,99.46,1.5,11,day 0,12:00,day 0,24:00,4151.775034
185,B0GUAXEBYM,Changzhou,B0FFHDQA5M,Suzhou,122.189,1.6,13,day 0,12:00,day 0,24:00,4906.643222
186,B0HDRHT0UU,Nanjing,B0FFGJ1NAK,Suzhou,242.768,3.05,11,day 0,12:00,day 0,24:00,4151.775034
187,B0FFJONTQ7,Changzhou,B0FFKDRXE8,Shanghai,236.815,3.1,14,day 0,12:00,day 0,24:00,5284.077316
188,B0FFHF2VI7,Wuxi,B0FFFA2AO6,Shanghai,134.225,1.96666666666667,15,day 0,12:00,day 0,24:00,5661.51141
189,B0FFHJD9U9,Wuxi,B0FFGJ1NAK,Suzhou,80.725,1.35,16,day 0,08:00,day 0,20:00,6038.945504
190,B0FFHJD9U9,Wuxi,B0FFGAIWAV,Suzhou,103.1,1.55,17,day 0,08:00,day 0,20:00,6416.379598
191,B0FFFU612V,Wuxi,B0FFLCF954,Shanghai,137.396,2.3,11,day 0,12:00,day 0,24:00,4151.775034
192,B0FFG2575E,Zhenjiang,B01FE0J0V7,Wuxi,114.767,1.61666666666667,10,day 0,08:00,day 0,20:00,3774.34094
193,B0202173FW,Yangzhou,B02000JJ21,Suzhou,229.49,2.93333333333333,12,day 0,12:00,day 0,24:00,4529.209128
194,B0G0NZW2VU,Nanjing,B0FFFA2AO6,Shanghai,288.368,3.58333333333333,17,day 0,12:00,day 0,24:00,6416.379598
195,B0G3AZBRXL,Yangzhou,B0FFGIBTXI,Suzhou,218.501,2.73333333333333,5,day 0,08:00,day 0,20:00,1887.17047
196,B0GKC6MA4E,Yangzhou,B0FFH0WGKS,Suzhou,242.703,3.13333333333333,6,day 0,08:00,day 0,20:00,2264.604564
197,B0HDRHT0UU,Nanjing,B0I6TYMZJG,Suzhou,288.232,3.41666666666667,9,day 0,08:00,day 0,20:00,3396.906846
198,B0FFG2575E,Zhenjiang,B0FFGZQ43R,Wuxi,134.43,1.85,14,day 0,08:00,day 0,20:00,5284.077316
199,B00190CNHV,Nanjing,B0FFHD3E8G,Suzhou,209.989,2.48333333333333,7,day 0,12:00,day 0,24:00,2642.038658
200,B01FE0J0V7,Wuxi,B0FFF4JOKL,Suzhou,118.601,1.71666666666667,13,day 0,08:00,day 0,20:00,4906.643222
201,B0FFFU612V,Wuxi,B0FFGPRVIT,Shanghai,161.225,2.15,9,day 0,12:00,day 0,24:00,3396.906846
202,B0202173FW,Yangzhou,B0FFLCF954,Shanghai,280.922,3.71666666666667,19,day 0,12:00,day 0,24:00,7171.247786
203,B0FFLC9J93,Nanjing,B0FFGIBTXI,Suzhou,288.607,3.86666666666667,13,day 0,12:00,day 0,24:00,4906.643222
204,B0FFHXJXZR,Changzhou,B0FFHJD9U9,Wuxi,97.487,1.48333333333333,8,day 0,12:00,day 0,24:00,3019.472752
205,B0FFL9CGXN,Nanjing,B0FFITJD3C,Wuxi,186.619,3.21666666666667,5,day 0,12:00,day 0,24:00,1887.17047
206,B0FFG0GSMW,Yangzhou,B0FFLCF954,Shanghai,323.65,4.53333333333333,10,day 0,08:00,day 0,20:00,3774.34094
207,B020216GML,Yangzhou,B01FE15XQH,Wuxi,91.38,1.71666666666667,8,day 0,12:00,day 0,24:00,3019.472752
208,B0G13KYBJL,Nanjing,B0I6TYMZJG,Suzhou,285.73,3.31666666666667,19,day 0,12:00,day 0,24:00,7171.247786
209,B0FFGTI293,Changzhou,B0FFLCF954,Shanghai,182.002,2.78333333333333,15,day 0,12:00,day 0,24:00,5661.51141
210,B0FFJONTQ7,Changzhou,B0FFGPRVIT,Shanghai,191.17,2.5,8,day 0,08:00,day 0,20:00,3019.472752
211,B01FE0J0V7,Wuxi,B0FFKZGWZ9,Suzhou,128.04,1.8,11,day 0,08:00,day 0,20:00,4151.775034
212,B01FE15XQH,Wuxi,B0FFI9JCED,Shanghai,164.802,2.28333333333333,6,day 0,08:00,day 0,20:00,2264.604564
213,B0FFJN8WFQ,Wuxi,B0FFLCF954,Shanghai,112.634,2.06666666666667,8,day 0,12:00,day 0,24:00,3019.472752
214,B0FFIS83Q7,Zhenjiang,B02000JJN1,Suzhou,159.121,2.2,19,day 0,12:00,day 0,24:00,7171.247786
215,B0FFHE4XO4,Changzhou,B0FFGIBTXI,Suzhou,137.863,2.13333333333333,20,day 0,12:00,day 0,24:00,7548.68188
216,B0FFHE4XO4,Changzhou,B0FFH62FC9,Shanghai,196.116,2.73333333333333,12,day 0,08:00,day 0,20:00,4529.209128
217,B01FE15UUN,Wuxi,B0FFKDRXE8,Shanghai,163.883,2.33333333333333,19,day 0,12:00,day 0,24:00,7171.247786
218,B0G13KYBJL,Nanjing,B0FFHNXOVT,Suzhou,290.706,3.46666666666667,9,day 0,12:00,day 0,24:00,3396.906846
219,B0G13KYBJL,Nanjing,B0FFGJ1NAK,Suzhou,240.266,2.95,16,day 0,12:00,day 0,24:00,6038.945504
220,B0FFH70JG8,Nanjing,B0I6TYMZJG,Suzhou,274.376,3.1,7,day 0,08:00,day 0,20:00,2642.038658
221,B0GUCU8FLD,Zhenjiang,B0FFGPRVIT,Shanghai,271.156,3.36666666666667,11,day 0,12:00,day 0,24:00,4151.775034
222,B0FFK7ZQFN,Wuxi,B0FFKSVI1S,Shanghai,155.113,2.15,20,day 0,12:00,day 0,24:00,7548.68188
223,B0FFL9Q85P,Nanjing,B0FFKDRXE8,Shanghai,340.339,4.15,9,day 0,08:00,day 0,20:00,3396.906846
224,B0FFK83QI3,Nanjing,B0FFFA2AO6,Shanghai,282.807,3.26666666666667,8,day 0,12:00,day 0,24:00,3019.472752
225,B0FFGYNGHQ,Changzhou,B0FFHDQA5M,Suzhou,115.467,1.55,6,day 0,12:00,day 0,24:00,2264.604564
226,B0FFH3869T,Zhenjiang,B0FFGZQ43R,Wuxi,166.178,2.2,9,day 0,08:00,day 0,20:00,3396.906846
227,B0G13KYBJL,Nanjing,B0FFHD3E8G,Suzhou,247.264,3.03333333333333,16,day 0,12:00,day 0,24:00,6038.945504
228,B0FFK83QI3,Nanjing,B01FE15XQH,Wuxi,132.314,2.01666666666667,20,day 0,08:00,day 0,20:00,7548.68188
229,B0202150WR,Yangzhou,B00156GGDT,Shanghai,276.318,3.7,19,day 0,12:00,day 0,24:00,7171.247786
230,B0FFJONTQ7,Changzhou,B0G2MKTPMP,Shanghai,178.965,2.3,18,day 0,08:00,day 0,20:00,6793.813692
231,B0FFLC9J93,Nanjing,B0FFI8WH5V,Suzhou,251.907,3,7,day 0,12:00,day 0,24:00,2642.038658
232,B0G1AO0IBH,Nanjing,B0FFH0WGKS,Suzhou,215.018,2.36666666666667,5,day 0,08:00,day 0,20:00,1887.17047
233,B01FE15UUN,Wuxi,B01FE15XQH,Wuxi,62.712,1.35,9,day 0,12:00,day 0,24:00,3396.906846
234,B0FFF8Z69A,Changzhou,B0FFKDRXE8,Shanghai,246.907,3.38333333333333,16,day 0,08:00,day 0,20:00,6038.945504
235,B0FFH3869T,Zhenjiang,B02000JJ21,Suzhou,216.115,2.7,14,day 0,12:00,day 0,24:00,5284.077316
236,B0FFGZQ43R,Wuxi,B0FFG94S3Z,Shanghai,147.944,1.91666666666667,15,day 0,12:00,day 0,24:00,5661.51141
237,B0FFFU612V,Wuxi,B0FFGIBTXI,Suzhou,107.175,1.65,16,day 0,12:00,day 0,24:00,6038.945504
238,B020216GML,Yangzhou,B02000JR6M,Suzhou,162.785,2.4,15,day 0,12:00,day 0,24:00,5661.51141
239,B0FFGZQ43R,Wuxi,B0I6TYMZJG,Suzhou,98.66,1.3,20,day 0,08:00,day 0,20:00,7548.68188
240,B020216GML,Yangzhou,B0FFKZGWZ9,Suzhou,209.265,2.71666666666667,16,day 0,12:00,day 0,24:00,6038.945504
241,B0FFL9Q85P,Nanjing,B0FFGPRVIT,Shanghai,294.694,3.5,12,day 0,12:00,day 0,24:00,4529.209128
242,B0FFHXJXZR,Changzhou,B0FFI9JCED,Shanghai,213.82,2.4,15,day 0,08:00,day 0,20:00,5661.51141
243,B0FFHCRHH3,Changzhou,B02000JR6M,Suzhou,78.658,1.31666666666667,8,day 0,08:00,day 0,20:00,3019.472752
244,B00190CNHV,Nanjing,B00156GGDT,Shanghai,312.836,4.06666666666667,7,day 0,08:00,day 0,20:00,2642.038658
245,B0FFG9F43K,Changzhou,B0I6TYMZJG,Suzhou,130.329,1.65,7,day 0,12:00,day 0,24:00,2642.038658
246,B0FFH1DRA5,Nanjing,B0FFHY6PN3,Suzhou,217.556,2.5,6,day 0,12:00,day 0,24:00,2264.604564
247,B0FFH3869T,Zhenjiang,B01FE15UUN,Wuxi,189.001,2.41666666666667,7,day 0,08:00,day 0,20:00,2642.038658
248,B0FFK4CQ2L,Changzhou,B0FFF4JOKL,Suzhou,139.403,2.03333333333333,11,day 0,08:00,day 0,20:00,4151.775034
249,B0G0ZLYTOF,Nanjing,B0FFGIBTXI,Suzhou,241.484,3.36666666666667,15,day 0,08:00,day 0,20:00,5661.51141
250,B020216GML,Yangzhou,B0FFFOM198,Suzhou,164.18,2.48333333333333,8,day 0,12:00,day 0,24:00,3019.472752
251,B0FFGZQ43R,Wuxi,B00156ODDT,Shanghai,119.505,1.6,9,day 0,12:00,day 0,24:00,3396.906846
252,B0G1AO0IBH,Nanjing,B0FFHY6PN3,Suzhou,195.515,2.38333333333333,12,day 0,12:00,day 0,24:00,4529.209128
253,B0FFFRXR3L,Yangzhou,B02001C3PG,Suzhou,225.923,3.45,14,day 0,12:00,day 0,24:00,5284.077316
254,B0FFJN8WFQ,Wuxi,B02000JJN1,Suzhou,57.249,1.05,15,day 0,12:00,day 0,24:00,5661.51141
255,B0GUCU8FLD,Zhenjiang,B00156GGDT,Shanghai,289.129,3.7,15,day 0,12:00,day 0,24:00,5661.51141
256,B0FFFRS0IH,Nanjing,B02000JJ21,Suzhou,217.037,2.76666666666667,16,day 0,12:00,day 0,24:00,6038.945504
257,B0FFG0GSMW,Yangzhou,B0FFHNXOVT,Suzhou,325.026,4.38333333333333,16,day 0,08:00,day 0,20:00,6038.945504
258,B0FFL9Q85P,Nanjing,B0FFHC9CJ8,Suzhou,193.671,2.51666666666667,5,day 0,08:00,day 0,20:00,1887.17047
259,B0G0NZW2VU,Nanjing,B0IG9RDYYV,Suzhou,224.622,2.86666666666667,18,day 0,12:00,day 0,24:00,6793.813692
260,B0FFG0GSMW,Yangzhou,B0FFGJ1NAK,Suzhou,259.618,3.58333333333333,14,day 0,12:00,day 0,24:00,5284.077316
261,B0FFLC9J93,Nanjing,B0FFH0WGKS,Suzhou,287.55,3.4,4,day 0,08:00,day 0,20:00,1509.736376
262,B0FFH70JG8,Nanjing,B0FFFTQ4U7,Wuxi,195.291,2.38333333333333,4,day 0,12:00,day 0,24:00,1509.736376
263,B0FFH3869T,Zhenjiang,B0FFHNXOVT,Suzhou,258.275,3.15,15,day 0,08:00,day 0,20:00,5661.51141
264,B0FFGYNGHQ,Changzhou,B0FFL7OZ0J,Wuxi,72.968,1.33333333333333,9,day 0,12:00,day 0,24:00,3396.906846
265,B0FFG9F43K,Changzhou,B0FFI8WH5V,Suzhou,72.689,1.15,17,day 0,12:00,day 0,24:00,6416.379598
266,B0FFHXJXZR,Changzhou,B0GDDXZDXN,Suzhou,157.743,1.76666666666667,15,day 0,08:00,day 0,20:00,5661.51141
267,B0FFF4HNKG,Yangzhou,B0FFGZQ43R,Wuxi,142.164,2.18333333333333,12,day 0,08:00,day 0,20:00,4529.209128
268,B0FFH3869T,Zhenjiang,B00156ODDT,Shanghai,274.144,3.35,13,day 0,12:00,day 0,24:00,4906.643222
269,B0G0ZLYTOF,Nanjing,B0FFHFSCFH,Suzhou,223.581,3.2,8,day 0,08:00,day 0,20:00,3019.472752
270,B0FFJONTQ7,Changzhou,B0FFH62FC9,Shanghai,203.734,2.63333333333333,12,day 0,12:00,day 0,24:00,4529.209128
271,B0202150WR,Yangzhou,B0FFHDQA5M,Suzhou,192.123,2.41666666666667,7,day 0,12:00,day 0,24:00,2642.038658
272,B0FFK83QI3,Nanjing,B0FFH0WGKS,Suzhou,227.975,2.63333333333333,6,day 0,12:00,day 0,24:00,2264.604564
273,B0G1AO0IBH,Nanjing,B0FFGJ1NAK,Suzhou,196.993,2.48333333333333,18,day 0,08:00,day 0,20:00,6793.813692
274,B020215DUP,Yangzhou,B0FFKDRXE8,Shanghai,320.308,4.2,9,day 0,08:00,day 0,20:00,3396.906846
275,B0FFF8Z69A,Changzhou,B0FFLCF954,Shanghai,185.923,2.96666666666667,11,day 0,08:00,day 0,20:00,4151.775034
276,B0FFG2575E,Zhenjiang,B01FE15XQH,Wuxi,101.42,1.65,18,day 0,12:00,day 0,24:00,6793.813692
277,B0FFH4SOJP,Nanjing,B0FFHDQA5M,Suzhou,211.822,2.58333333333333,8,day 0,12:00,day 0,24:00,3019.472752
278,B0G0ZLYTOF,Nanjing,B02000JJ21,Suzhou,215.953,3.15,6,day 0,12:00,day 0,24:00,2264.604564
279,B0FFHXJXZR,Changzhou,B0FFKSVI1S,Shanghai,258.142,2.91666666666667,20,day 0,08:00,day 0,20:00,7548.68188
280,B0FFHF2VI7,Wuxi,B0GDDXZDXN,Suzhou,88.185,1.35,11,day 0,12:00,day 0,24:00,4151.775034
281,B0GUCU8FLD,Zhenjiang,B02000JJN1,Suzhou,205.345,2.58333333333333,11,day 0,12:00,day 0,24:00,4151.775034
282,B0G1AO0IBH,Nanjing,B0FFI9JCED,Shanghai,257.981,3.11666666666667,12,day 0,12:00,day 0,24:00,4529.209128
283,B0FFH70JG8,Nanjing,B0FFGJ1NAK,Suzhou,228.912,2.71666666666667,4,day 0,12:00,day 0,24:00,1509.736376
284,B0FFHF2VI7,Wuxi,B0FFL37B6B,Suzhou,97.442,1.55,15,day 0,12:00,day 0,24:00,5661.51141
285,B0FFHCRHH3,Changzhou,B02000JJN1,Suzhou,108.604,1.53333333333333,16,day 0,08:00,day 0,20:00,6038.945504
286,B0FFK83QI3,Nanjing,B0FFGAIWAV,Suzhou,241.832,2.76666666666667,15,day 0,12:00,day 0,24:00,5661.51141
287,B0GKC6MA4E,Yangzhou,B00156ODDT,Shanghai,285.545,3.7,17,day 0,08:00,day 0,20:00,6416.379598
288,B0FFG2575E,Zhenjiang,B0FFL7OZ0J,Wuxi,146.608,2.03333333333333,15,day 0,12:00,day 0,24:00,5661.51141
289,B0FFK4CQ2L,Changzhou,B0FFJ1CPHP,Shanghai,152.442,2.15,19,day 0,12:00,day 0,24:00,7171.247786
290,B0FFIS83Q7,Zhenjiang,B0IG9RDYYV,Suzhou,160.114,2.28333333333333,4,day 0,12:00,day 0,24:00,1509.736376
291,B0FFFRXR3L,Yangzhou,B0FFH62FC9,Shanghai,366.927,4.95,16,day 0,08:00,day 0,20:00,6038.945504
292,B0FFH70JG8,Nanjing,B0FFGAIWAV,Suzhou,266.236,3.08333333333333,6,day 0,08:00,day 0,20:00,2264.604564
293,B0GUCU8FLD,Zhenjiang,B0FFH61OBO,Suzhou,227.495,2.83333333333333,19,day 0,12:00,day 0,24:00,7171.247786
294,B0FFK7ZQFN,Wuxi,B0FFHNXOVT,Suzhou,126.397,1.7,11,day 0,08:00,day 0,20:00,4151.775034
295,B0FFK83QI3,Nanjing,B0FFFTQ4U7,Wuxi,170.887,2.18333333333333,5,day 0,08:00,day 0,20:00,1887.17047
296,B0FFH4SOJP,Nanjing,B0FFFTQ4U7,Wuxi,165.052,2.18333333333333,11,day 0,08:00,day 0,20:00,4151.775034
297,B0G13KYBJL,Nanjing,B01FE15UUN,Wuxi,221.432,2.66666666666667,17,day 0,12:00,day 0,24:00,6416.379598
298,B0FFHE4XO4,Changzhou,B0FFITJD3C,Wuxi,82.493,1.96666666666667,11,day 0,08:00,day 0,20:00,4151.775034
299,B0G0ZLYTOF,Nanjing,B0FFGPRVIT,Shanghai,287.044,3.91666666666667,19,day 0,12:00,day 0,24:00,7171.247786
300,B0GKC6MA4E,Yangzhou,B0FFHJD9U9,Wuxi,159.077,2.13333333333333,18,day 0,12:00,day 0,24:00,6793.813692
301,B0FFIS83Q7,Zhenjiang,B0FFHD3E8G,Suzhou,152.559,2.16666666666667,18,day 0,12:00,day 0,24:00,6793.813692
302,B0FFHE4XO4,Changzhou,B0FFHC9CJ8,Suzhou,91.159,1.51666666666667,16,day 0,12:00,day 0,24:00,6038.945504
303,B0GUCU8FLD,Zhenjiang,B0FFKDRXE8,Shanghai,316.8,3.96666666666667,20,day 0,08:00,day 0,20:00,7548.68188
304,B020216GML,Yangzhou,B0FFH6WPC3,Shanghai,269.856,3.63333333333333,5,day 0,08:00,day 0,20:00,1887.17047
305,B0FFHE4XO4,Changzhou,B0FFGJ1NAK,Suzhou,104.052,1.78333333333333,14,day 0,08:00,day 0,20:00,5284.077316
306,B0FFH4SOJP,Nanjing,B02001C3PG,Suzhou,179.052,2.28333333333333,5,day 0,08:00,day 0,20:00,1887.17047
307,B0G1AO0IBH,Nanjing,B0FFL7OZ0J,Wuxi,167.643,2.21666666666667,6,day 0,12:00,day 0,24:00,2264.604564
308,B0GKC6MA4E,Yangzhou,B0FFGZQ43R,Wuxi,177.579,2.5,16,day 0,12:00,day 0,24:00,6038.945504
309,B0FFHLH9SB,Zhenjiang,B01FE15XQH,Wuxi,67.59,1.45,12,day 0,12:00,day 0,24:00,4529.209128
310,B0FFK7ZQFN,Wuxi,B0FFH62FC9,Shanghai,158.517,2.08333333333333,17,day 0,12:00,day 0,24:00,6416.379598
311,B0FFJONTQ7,Changzhou,B0IG9RDYYV,Suzhou,126.352,1.83333333333333,9,day 0,08:00,day 0,20:00,3396.906846
312,B0FFLC9J93,Nanjing,B0FFG94S3Z,Shanghai,358.831,4.15,10,day 0,12:00,day 0,24:00,3774.34094
313,B0GUAXEBYM,Changzhou,B02000JJ21,Suzhou,106.212,1.5,15,day 0,08:00,day 0,20:00,5661.51141
314,B0FFG9F43K,Changzhou,B0IG9RDYYV,Suzhou,99.418,1.5,19,day 0,08:00,day 0,20:00,7171.247786
315,B0FFFRXR3L,Yangzhou,B0FFJRVTYE,Shanghai,358.235,4.76666666666667,16,day 0,08:00,day 0,20:00,6038.945504
316,B0FFL9CGXN,Nanjing,B02000JJN1,Suzhou,221.867,3.01666666666667,12,day 0,08:00,day 0,20:00,4529.209128
317,B0FFHLH9SB,Zhenjiang,B00156GGDT,Shanghai,252.725,3.31666666666667,4,day 0,12:00,day 0,24:00,1509.736376
318,B0FFK83QI3,Nanjing,B0FFKDRXE8,Shanghai,329.524,3.88333333333333,19,day 0,08:00,day 0,20:00,7171.247786
319,B0FFK7ZQFN,Wuxi,B0FFKDRXE8,Shanghai,167.42,2.28333333333333,4,day 0,12:00,day 0,24:00,1509.736376
320,B020216GML,Yangzhou,B0FFGAIWAV,Suzhou,216.495,2.91666666666667,6,day 0,08:00,day 0,20:00,2264.604564
321,B0FFFRXR3L,Yangzhou,B0FFHNXOVT,Suzhou,325.432,4.36666666666667,16,day 0,12:00,day 0,24:00,6038.945504
322,B0FFF8Z69A,Changzhou,B0IGCZC15I,Suzhou,164.734,2.28333333333333,5,day 0,08:00,day 0,20:00,1887.17047
323,B0G13KYBJL,Nanjing,B0IG9RDYYV,Suzhou,254.819,3.1,6,day 0,12:00,day 0,24:00,2264.604564
324,B0FFHJD9U9,Wuxi,B0FFHDQA5M,Suzhou,90.033,1.38333333333333,16,day 0,08:00,day 0,20:00,6038.945504
325,B0G0ZLYTOF,Nanjing,B0FFH6WPC3,Shanghai,298.358,4.13333333333333,8,day 0,08:00,day 0,20:00,3019.472752
326,B0G3AZBRXL,Yangzhou,B0FFJRVTYE,Shanghai,281.734,3.55,16,day 0,12:00,day 0,24:00,6038.945504
327,B0FFHXJXZR,Changzhou,B02000JJN1,Suzhou,165.745,2.13333333333333,5,day 0,12:00,day 0,24:00,1887.17047
328,B0FFK7ZQFN,Wuxi,B0FFH0WGKS,Suzhou,99.078,1.48333333333333,6,day 0,08:00,day 0,20:00,2264.604564
329,B0FFHF2VI7,Wuxi,B0FFKSVI1S,Shanghai,154.246,2.23333333333333,11,day 0,12:00,day 0,24:00,4151.775034
330,B0FFK83QI3,Nanjing,B0FFGJ1NAK,Suzhou,204.508,2.51666666666667,4,day 0,12:00,day 0,24:00,1509.736376
331,B0FFFRS0IH,Nanjing,B0FFFA2AO6,Shanghai,287.056,3.5,20,day 0,08:00,day 0,20:00,7548.68188
332,B0202150WR,Yangzhou,B0FFJRVTYE,Shanghai,262.217,3.35,13,day 0,12:00,day 0,24:00,4906.643222
333,B020215DUP,Yangzhou,B0FFG94S3Z,Shanghai,290.041,3.73333333333333,14,day 0,08:00,day 0,20:00,5284.077316
334,B0G1AO0IBH,Nanjing,B0GDDXZDXN,Suzhou,204.65,2.21666666666667,14,day 0,12:00,day 0,24:00,5284.077316
335,B0FFFRXR3L,Yangzhou,B0G2MKTPMP,Shanghai,342.158,4.58333333333333,5,day 0,12:00,day 0,24:00,1887.17047
336,B0FFH3869T,Zhenjiang,B0FFJRVTYE,Shanghai,291.078,3.51666666666667,16,day 0,08:00,day 0,20:00,6038.945504
337,B0FFH1DRA5,Nanjing,B0G2MKTPMP,Shanghai,286.2,3.3,12,day 0,12:00,day 0,24:00,4529.209128
338,B0G13KYBJL,Nanjing,B0FFHF2VI7,Wuxi,193.533,2.7,4,day 0,08:00,day 0,20:00,1509.736376
339,B0FFFU612V,Wuxi,B0FFKSVI1S,Shanghai,180.174,2.46666666666667,10,day 0,08:00,day 0,20:00,3774.34094
340,B01FE15UUN,Wuxi,B0I6TYMZJG,Suzhou,111.234,1.45,17,day 0,08:00,day 0,20:00,6416.379598
341,B00190CNHV,Nanjing,B0FFH0WGKS,Suzhou,232.408,2.81666666666667,20,day 0,08:00,day 0,20:00,7548.68188
342,B0FFFRS0IH,Nanjing,B0I6TYMZJG,Suzhou,254.221,2.93333333333333,13,day 0,12:00,day 0,24:00,4906.643222
343,B0FFHJD9U9,Wuxi,B0I6TYMZJG,Suzhou,111.24,1.53333333333333,20,day 0,12:00,day 0,24:00,7548.68188
344,B0FFITJD3C,Wuxi,B00156GGDT,Shanghai,146.109,2.13333333333333,8,day 0,08:00,day 0,20:00,3019.472752
345,B0FFGYNGHQ,Changzhou,B0FFGJ1NAK,Suzhou,102.318,1.55,8,day 0,08:00,day 0,20:00,3019.472752
346,B020216GML,Yangzhou,B0FFH62FC9,Shanghai,271.106,3.61666666666667,4,day 0,12:00,day 0,24:00,1509.736376
347,B0FFH70JG8,Nanjing,B0FFHDQA5M,Suzhou,242.061,2.73333333333333,15,day 0,12:00,day 0,24:00,5661.51141
348,B0FFGYNGHQ,Changzhou,B0FFFA2AO6,Shanghai,180.746,2.35,12,day 0,12:00,day 0,24:00,4529.209128
349,B0FFG2575E,Zhenjiang,B00156ODDT,Shanghai,242.396,2.98333333333333,13,day 0,12:00,day 0,24:00,4906.643222
350,B0FFHCRHH3,Changzhou,B0FFGJ1NAK,Suzhou,95.044,1.51666666666667,8,day 0,12:00,day 0,24:00,3019.472752
351,B0FFH70JG8,Nanjing,B02000JR6M,Suzhou,212.526,2.56666666666667,17,day 0,08:00,day 0,20:00,6416.379598
352,B0FFHCRHH3,Changzhou,B0FFGZQ43R,Wuxi,53.387,1.1,8,day 0,12:00,day 0,24:00,3019.472752
353,B020216GML,Yangzhou,B0FFHFSCFH,Suzhou,195.079,2.73333333333333,14,day 0,12:00,day 0,24:00,5284.077316
354,B0FFIS83Q7,Zhenjiang,B0FFJRVTYE,Shanghai,228.804,3,7,day 0,12:00,day 0,24:00,2642.038658
355,B0FFH3869T,Zhenjiang,B0FFG94S3Z,Shanghai,302.583,3.68333333333333,8,day 0,12:00,day 0,24:00,3019.472752
356,B0FFL9CGXN,Nanjing,B0FFI8WH5V,Suzhou,196.131,2.75,17,day 0,12:00,day 0,24:00,6416.379598
357,B0FFITJD3C,Wuxi,B0FFLCF954,Shanghai,117.71,2.08333333333333,17,day 0,08:00,day 0,20:00,6416.379598
358,B0FFL7OZ0J,Wuxi,B0IG9RDYYV,Suzhou,74.926,1.3,18,day 0,12:00,day 0,24:00,6793.813692
359,B020216GML,Yangzhou,B0FFGO36Q6,Shanghai,285.634,3.85,10,day 0,08:00,day 0,20:00,3774.34094
360,B0FFG9F43K,Changzhou,B00156D6K6,Shanghai,186.294,2.4,17,day 0,12:00,day 0,24:00,6416.379598
361,B0FFHJD9U9,Wuxi,B0FFG94S3Z,Shanghai,160.524,2.16666666666667,19,day 0,08:00,day 0,20:00,7171.247786
362,B0FFFRXR3L,Yangzhou,B0FFK7ZQFN,Wuxi,222.677,3.08333333333333,15,day 0,12:00,day 0,24:00,5661.51141
363,B0FFJN8WFQ,Wuxi,B0FFH61OBO,Suzhou,79.399,1.26666666666667,17,day 0,08:00,day 0,20:00,6416.379598
364,B00190CNHV,Nanjing,B02001C3PG,Suzhou,195.742,2.46666666666667,7,day 0,08:00,day 0,20:00,2642.038658
365,B0FFK7ZQFN,Wuxi,B0FFFOM198,Suzhou,59.717,1.18333333333333,16,day 0,08:00,day 0,20:00,6038.945504
366,B020215DUP,Yangzhou,B0FFGAIWAV,Suzhou,232.617,3.03333333333333,13,day 0,08:00,day 0,20:00,4906.643222
367,B020215DUP,Yangzhou,B0FFI8WH5V,Suzhou,183.117,2.51666666666667,17,day 0,12:00,day 0,24:00,6416.379598
368,B0FFG0GSMW,Yangzhou,B00156ODDT,Shanghai,340.895,4.65,7,day 0,12:00,day 0,24:00,2642.038658
369,B020216GML,Yangzhou,B00156ODDT,Shanghai,245.48,3.31666666666667,10,day 0,12:00,day 0,24:00,3774.34094
370,B0FFHXJXZR,Changzhou,B0FFGO36Q6,Shanghai,258.648,3.2,15,day 0,08:00,day 0,20:00,5661.51141
371,B0FFH70JG8,Nanjing,B0FFKZGWZ9,Suzhou,264.361,3.06666666666667,17,day 0,08:00,day 0,20:00,6416.379598
372,B0G13KYBJL,Nanjing,B00156ODDT,Shanghai,306.575,3.66666666666667,19,day 0,08:00,day 0,20:00,7171.247786
373,B0FFGTI293,Changzhou,B02000JJ21,Suzhou,126.25,1.83333333333333,14,day 0,12:00,day 0,24:00,5284.077316
374,B0H1TCJ4IO,Yangzhou,B0FFFU612V,Wuxi,126.885,1.71666666666667,18,day 0,12:00,day 0,24:00,6793.813692
375,B0FFHLH9SB,Zhenjiang,B0FFFTQ4U7,Wuxi,121.76,1.78333333333333,6,day 0,12:00,day 0,24:00,2264.604564
376,B0FFFTQ4U7,Wuxi,B0FFGIBTXI,Suzhou,81.575,1.31666666666667,17,day 0,08:00,day 0,20:00,6416.379598
377,B0FFH4SOJP,Nanjing,B0FFLCF954,Shanghai,262.705,3.53333333333333,11,day 0,12:00,day 0,24:00,4151.775034
378,B0GKC6MA4E,Yangzhou,B02000JJN1,Suzhou,232.796,3.03333333333333,12,day 0,08:00,day 0,20:00,4529.209128
379,B0FFITJD3C,Wuxi,B0FFGJ1NAK,Suzhou,63.714,1.18333333333333,6,day 0,12:00,day 0,24:00,2264.604564
380,B0FFG9F43K,Changzhou,B0FFITJD3C,Wuxi,63.177,1.5,18,day 0,08:00,day 0,20:00,6793.813692
381,B0FFL9CGXN,Nanjing,B0FFGAIWAV,Suzhou,245.631,3.23333333333333,11,day 0,08:00,day 0,20:00,4151.775034
382,B0FFIS83Q7,Zhenjiang,B0FFJ1CPHP,Shanghai,202.448,2.7,6,day 0,08:00,day 0,20:00,2264.604564
383,B0FFHLH9SB,Zhenjiang,B0FFLCF954,Shanghai,219.413,3.08333333333333,12,day 0,12:00,day 0,24:00,4529.209128
384,B0HDRHT0UU,Nanjing,B0FFHJD9U9,Wuxi,182.609,2.4,19,day 0,12:00,day 0,24:00,7171.247786
385,B0FFG0GSMW,Yangzhou,B01FE15UUN,Wuxi,240.784,3.31666666666667,18,day 0,12:00,day 0,24:00,6793.813692
386,B0FFJN8WFQ,Wuxi,B0FFF4JOKL,Suzhou,87.408,1.5,6,day 0,08:00,day 0,20:00,2264.604564
387,B0FFJONTQ7,Changzhou,B0FFH6WPC3,Shanghai,202.484,2.7,11,day 0,12:00,day 0,24:00,4151.775034
388,B0FFJONTQ7,Changzhou,B0FFHY6PN3,Suzhou,110.321,1.61666666666667,10,day 0,08:00,day 0,20:00,3774.34094
389,B0FFGTI293,Changzhou,B0FFH61OBO,Suzhou,153.68,2.06666666666667,4,day 0,12:00,day 0,24:00,1509.736376
390,B0FFFTQ4U7,Wuxi,B0GDDXZDXN,Suzhou,108.252,1.43333333333333,18,day 0,08:00,day 0,20:00,6793.813692
391,B0FFHXJXZR,Changzhou,B0FFH6WPC3,Shanghai,218.213,2.61666666666667,6,day 0,12:00,day 0,24:00,2264.604564
392,B0FFFTQ4U7,Wuxi,B0FFKZGWZ9,Suzhou,83.213,1.33333333333333,11,day 0,12:00,day 0,24:00,4151.775034
393,B0FFG2575E,Zhenjiang,B02000JR6M,Suzhou,159.701,2.11666666666667,11,day 0,12:00,day 0,24:00,4151.775034
394,B0HDRHT0UU,Nanjing,B00156GGDT,Shanghai,340.112,4.36666666666667,18,day 0,08:00,day 0,20:00,6793.813692
395,B0H1TCJ4IO,Yangzhou,B0FFFTQ4U7,Wuxi,147.949,2.13333333333333,11,day 0,08:00,day 0,20:00,4151.775034
396,B0FFH4SOJP,Nanjing,B02000JR6M,Suzhou,177.281,2.28333333333333,17,day 0,08:00,day 0,20:00,6416.379598
397,B0FFH3869T,Zhenjiang,B0FFHD3E8G,Suzhou,214.833,2.7,14,day 0,08:00,day 0,20:00,5284.077316
398,B0GKC6MA4E,Yangzhou,B02000JR6M,Suzhou,202.85,2.76666666666667,12,day 0,08:00,day 0,20:00,4529.209128
399,B0FFG0GSMW,Yangzhou,B0FFKZGWZ9,Suzhou,295.067,3.93333333333333,12,day 0,08:00,day 0,20:00,4529.209128
400,B0FFF4HNKG,Yangzhou,B00156GGDT,Shanghai,281.165,3.85,19,day 0,12:00,day 0,24:00,7171.247786
401,B0FFGTI293,Changzhou,B0FFITJD3C,Wuxi,96.282,1.8,10,day 0,08:00,day 0,20:00,3774.34094
402,B0G3AZBRXL,Yangzhou,B0FFHC9CJ8,Suzhou,176.839,2.58333333333333,18,day 0,12:00,day 0,24:00,6793.813692
403,B0202150WR,Yangzhou,B02000JR6M,Suzhou,162.588,2.3,14,day 0,12:00,day 0,24:00,5284.077316
404,B01FE0J0V7,Wuxi,B0FFHFSCFH,Suzhou,90.79,1.51666666666667,11,day 0,08:00,day 0,20:00,4151.775034
405,B0FFHLH9SB,Zhenjiang,B0FFKSVI1S,Shanghai,253.701,3.21666666666667,16,day 0,08:00,day 0,20:00,6038.945504
406,B0202150WR,Yangzhou,B02001C3PG,Suzhou,159.353,2.08333333333333,16,day 0,12:00,day 0,24:00,6038.945504
407,B0G3AZBRXL,Yangzhou,B0FFKDRXE8,Shanghai,323.506,4.18333333333333,11,day 0,08:00,day 0,20:00,4151.775034
408,B0FFJN8WFQ,Wuxi,B00156ODDT,Shanghai,109.998,1.56666666666667,6,day 0,08:00,day 0,20:00,2264.604564
409,B0FFIS83Q7,Zhenjiang,B0FFHJD9U9,Wuxi,85.402,1.46666666666667,5,day 0,12:00,day 0,24:00,1887.17047
410,B0FFH1DRA5,Nanjing,B0FFHNXOVT,Suzhou,269.474,3.15,13,day 0,12:00,day 0,24:00,4906.643222
411,B0FFGZQ43R,Wuxi,B0FFJ1CPHP,Shanghai,123.095,1.6,14,day 0,08:00,day 0,20:00,5284.077316
412,B0FFH4SOJP,Nanjing,B0FFGO36Q6,Shanghai,305.265,3.65,9,day 0,08:00,day 0,20:00,3396.906846
413,B0FFHXJXZR,Changzhou,B0FFJRVTYE,Shanghai,225.165,2.48333333333333,8,day 0,12:00,day 0,24:00,3019.472752
414,B0FFGZQ43R,Wuxi,B0FFH0WGKS,Suzhou,76.663,1.2,7,day 0,08:00,day 0,20:00,2642.038658
415,B0FFGYNGHQ,Changzhou,B02001C3PG,Suzhou,82.697,1.28333333333333,17,day 0,08:00,day 0,20:00,6416.379598
416,B0FFL9CGXN,Nanjing,B0FFGIBTXI,Suzhou,242.118,3.46666666666667,8,day 0,12:00,day 0,24:00,3019.472752
417,B0FFH3869T,Zhenjiang,B0FFGO36Q6,Shanghai,314.298,3.88333333333333,14,day 0,08:00,day 0,20:00,5284.077316
418,B0FFG9F43K,Changzhou,B0FFH6WPC3,Shanghai,175.55,2.35,12,day 0,12:00,day 0,24:00,4529.209128
419,B020216GML,Yangzhou,B0FFITJD3C,Wuxi,157.483,2.83333333333333,13,day 0,12:00,day 0,24:00,4906.643222
420,B0FFGZQ43R,Wuxi,B0IGCZC15I,Suzhou,96.186,1.35,12,day 0,08:00,day 0,20:00,4529.209128
421,B0FFH70JG8,Nanjing,B02000JJN1,Suzhou,242.472,2.85,4,day 0,08:00,day 0,20:00,1509.736376
422,B0FFL9CGXN,Nanjing,B0FFKSVI1S,Shanghai,306.627,4,6,day 0,12:00,day 0,24:00,2264.604564
423,B0FFHE4XO4,Changzhou,B0FFH6WPC3,Shanghai,194.866,2.83333333333333,13,day 0,08:00,day 0,20:00,4906.643222
424,B020215DUP,Yangzhou,B01FE15UUN,Wuxi,161.491,2.11666666666667,16,day 0,12:00,day 0,24:00,6038.945504
425,B0FFFRS0IH,Nanjing,B0FFJN8WFQ,Wuxi,179.793,2.25,16,day 0,08:00,day 0,20:00,6038.945504
426,B0202173FW,Yangzhou,B0FFGO36Q6,Shanghai,327.673,4.23333333333333,11,day 0,12:00,day 0,24:00,4151.775034
427,B0FFF8Z69A,Changzhou,B00156D6K6,Shanghai,223.32,3,20,day 0,12:00,day 0,24:00,7548.68188
428,B0FFG9F43K,Changzhou,B0FFL7OZ0J,Wuxi,55.386,1.18333333333333,8,day 0,12:00,day 0,24:00,3019.472752
429,B0FFFRXR3L,Yangzhou,B0FFITJD3C,Wuxi,253.304,4.16666666666667,5,day 0,08:00,day 0,20:00,1887.17047
430,B0FFK83QI3,Nanjing,B0FFJRVTYE,Shanghai,287.751,3.23333333333333,8,day 0,12:00,day 0,24:00,3019.472752
431,B0FFLC9J93,Nanjing,B0FFITJD3C,Wuxi,242.395,3.45,9,day 0,12:00,day 0,24:00,3396.906846
432,B0GUAXEBYM,Changzhou,B00156ODDT,Shanghai,164.241,2.06666666666667,17,day 0,12:00,day 0,24:00,6416.379598
433,B0FFH3869T,Zhenjiang,B0FFHC9CJ8,Suzhou,186.183,2.55,5,day 0,08:00,day 0,20:00,1887.17047
434,B0FFF8Z69A,Changzhou,B0IG9RDYYV,Suzhou,136.444,2.05,9,day 0,08:00,day 0,20:00,3396.906846
435,B0G1AO0IBH,Nanjing,B0FFLCF954,Shanghai,261.025,3.51666666666667,10,day 0,08:00,day 0,20:00,3774.34094
436,B0FFH1DRA5,Nanjing,B0FFHF2VI7,Wuxi,172.301,2.38333333333333,7,day 0,12:00,day 0,24:00,2642.038658
437,B0G3AZBRXL,Yangzhou,B0I6TYMZJG,Suzhou,243.955,3.01666666666667,4,day 0,12:00,day 0,24:00,1509.736376
438,B0FFHLH9SB,Zhenjiang,B0FFJ1CPHP,Shanghai,212.268,2.68333333333333,7,day 0,08:00,day 0,20:00,2642.038658
439,B0FFG9F43K,Changzhou,B0FFFOM198,Suzhou,69.874,1.73333333333333,17,day 0,12:00,day 0,24:00,6416.379598
440,B0FFL9Q85P,Nanjing,B0IG9RDYYV,Suzhou,229.876,2.75,14,day 0,12:00,day 0,24:00,5284.077316
441,B0FFH4SOJP,Nanjing,B0FFGJ1NAK,Suzhou,198.673,2.51666666666667,9,day 0,12:00,day 0,24:00,3396.906846
442,B0FFLC9J93,Nanjing,B0FFHF2VI7,Wuxi,217.35,2.86666666666667,9,day 0,12:00,day 0,24:00,3396.906846
443,B0GKC6MA4E,Yangzhou,B0GDDXZDXN,Suzhou,251.495,3.18333333333333,9,day 0,08:00,day 0,20:00,3396.906846
444,B01FE15XQH,Wuxi,B0FFG94S3Z,Shanghai,181.808,2.56666666666667,7,day 0,12:00,day 0,24:00,2642.038658
445,B0FFIS83Q7,Zhenjiang,B02000JR6M,Suzhou,129.175,1.93333333333333,13,day 0,08:00,day 0,20:00,4906.643222
446,B020216GML,Yangzhou,B02000JJN1,Suzhou,192.731,2.66666666666667,19,day 0,08:00,day 0,20:00,7171.247786
447,B0FFL9CGXN,Nanjing,B01FE0J0V7,Wuxi,146.987,2.26666666666667,14,day 0,12:00,day 0,24:00,5284.077316
448,B0FFJN8WFQ,Wuxi,B0FFL37B6B,Suzhou,85.205,1.4,11,day 0,12:00,day 0,24:00,4151.775034
449,B00190CNHV,Nanjing,B0FFKZGWZ9,Suzhou,250.812,3.06666666666667,7,day 0,08:00,day 0,20:00,2642.038658
450,B0FFGYNGHQ,Changzhou,B0FFI9JCED,Shanghai,163.306,2.2,9,day 0,12:00,day 0,24:00,3396.906846
451,B0H1TCJ4IO,Yangzhou,B02001C3PG,Suzhou,147.469,2.35,17,day 0,12:00,day 0,24:00,6416.379598
452,B020216GML,Yangzhou,B0FFL37B6B,Suzhou,220.687,3.03333333333333,7,day 0,08:00,day 0,20:00,2642.038658
453,B0FFFU612V,Wuxi,B02000JJ21,Suzhou,90.134,1.41666666666667,20,day 0,12:00,day 0,24:00,7548.68188
454,B0FFH70JG8,Nanjing,B00156GGDT,Shanghai,326.256,4.03333333333333,8,day 0,12:00,day 0,24:00,3019.472752
455,B0FFL9CGXN,Nanjing,B0FFGPRVIT,Shanghai,287.678,3.76666666666667,10,day 0,12:00,day 0,24:00,3774.34094
456,B0GKC6MA4E,Yangzhou,B0G2MKTPMP,Shanghai,286.402,3.63333333333333,5,day 0,12:00,day 0,24:00,1887.17047
457,B0FFG9F43K,Changzhou,B0FFF4JOKL,Suzhou,128.584,1.86666666666667,19,day 0,08:00,day 0,20:00,7171.247786
458,B01FE15XQH,Wuxi,B0FFJ1CPHP,Shanghai,142.835,2.06666666666667,17,day 0,08:00,day 0,20:00,6416.379598
459,B0FFK4CQ2L,Changzhou,B02000JJ21,Suzhou,103.964,1.66666666666667,16,day 0,12:00,day 0,24:00,6038.945504
460,B0G0NZW2VU,Nanjing,B0FFHF2VI7,Wuxi,163.336,2.46666666666667,7,day 0,12:00,day 0,24:00,2642.038658
461,B0G0NZW2VU,Nanjing,B0I6TYMZJG,Suzhou,254.526,2.76666666666667,11,day 0,08:00,day 0,20:00,4151.775034
462,B0GUAXEBYM,Changzhou,B0FFFTQ4U7,Wuxi,75.655,1.35,13,day 0,08:00,day 0,20:00,4906.643222
463,B0FFFRXR3L,Yangzhou,B0GDDXZDXN,Suzhou,307.251,4.11666666666667,11,day 0,08:00,day 0,20:00,4151.775034
464,B0G1AO0IBH,Nanjing,B02001C3PG,Suzhou,177.372,2.25,12,day 0,08:00,day 0,20:00,4529.209128
465,B0FFHE4XO4,Changzhou,B00156ODDT,Shanghai,170.49,2.43333333333333,7,day 0,08:00,day 0,20:00,2642.038658
466,B0FFFU612V,Wuxi,B0FFGAIWAV,Suzhou,119.178,1.66666666666667,12,day 0,08:00,day 0,20:00,4529.209128
467,B0FFFTQ4U7,Wuxi,B0FFKDRXE8,Shanghai,168.613,2.4,5,day 0,08:00,day 0,20:00,1887.17047
468,B0FFFTQ4U7,Wuxi,B0G2MKTPMP,Shanghai,143.159,1.88333333333333,9,day 0,12:00,day 0,24:00,3396.906846
469,B01FE15XQH,Wuxi,B0FFI8WH5V,Suzhou,91.767,1.53333333333333,19,day 0,12:00,day 0,24:00,7171.247786
470,B01FE0J0V7,Wuxi,B0FFG94S3Z,Shanghai,169.63,2.23333333333333,13,day 0,12:00,day 0,24:00,4906.643222
471,B0GUCU8FLD,Zhenjiang,B0FFFOM198,Suzhou,176.794,2.45,15,day 0,08:00,day 0,20:00,5661.51141
472,B0GUCU8FLD,Zhenjiang,B0IGCZC15I,Suzhou,234.775,2.88333333333333,18,day 0,12:00,day 0,24:00,6793.813692
473,B020216GML,Yangzhou,B0FFK7ZQFN,Wuxi,136.469,1.88333333333333,19,day 0,12:00,day 0,24:00,7171.247786
474,B0FFG0GSMW,Yangzhou,B0FFGAIWAV,Suzhou,311.91,4.25,9,day 0,08:00,day 0,20:00,3396.906846
475,B0FFH4SOJP,Nanjing,B0FFG94S3Z,Shanghai,293.55,3.43333333333333,13,day 0,12:00,day 0,24:00,4906.643222
476,B020215DUP,Yangzhou,B0FFHY6PN3,Suzhou,178.847,2.3,7,day 0,12:00,day 0,24:00,2642.038658
477,B0G0ZLYTOF,Nanjing,B0G2MKTPMP,Shanghai,274.839,3.7,19,day 0,12:00,day 0,24:00,7171.247786
478,B0FFGYNGHQ,Changzhou,B0FFJN8WFQ,Wuxi,65.696,1.1,19,day 0,12:00,day 0,24:00,7171.247786
479,B0FFF8Z69A,Changzhou,B0FFH0WGKS,Suzhou,145.358,2.11666666666667,13,day 0,08:00,day 0,20:00,4906.643222
480,B0GUCU8FLD,Zhenjiang,B0FFHDQA5M,Suzhou,204.934,2.55,12,day 0,12:00,day 0,24:00,4529.209128
481,B0FFGYNGHQ,Changzhou,B01FE15XQH,Wuxi,56.713,1.18333333333333,5,day 0,12:00,day 0,24:00,1887.17047
482,B0FFH70JG8,Nanjing,B0FFHC9CJ8,Suzhou,207.26,2.63333333333333,5,day 0,12:00,day 0,24:00,1887.17047
483,B0FFGTI293,Changzhou,B00156ODDT,Shanghai,184.279,2.36666666666667,15,day 0,08:00,day 0,20:00,5661.51141
484,B0G0ZLYTOF,Nanjing,B0FFL7OZ0J,Wuxi,178.194,2.85,5,day 0,08:00,day 0,20:00,1887.17047
485,B0FFJONTQ7,Changzhou,B0FFH0WGKS,Suzhou,135.266,1.88333333333333,6,day 0,08:00,day 0,20:00,2264.604564
486,B0202173FW,Yangzhou,B0FFHF2VI7,Wuxi,174.477,2.53333333333333,12,day 0,12:00,day 0,24:00,4529.209128
487,B0GUCU8FLD,Zhenjiang,B01FE0J0V7,Wuxi,130.465,1.81666666666667,9,day 0,12:00,day 0,24:00,3396.906846
488,B0G0NZW2VU,Nanjing,B0FFLCF954,Shanghai,273.972,3.7,11,day 0,08:00,day 0,20:00,4151.775034
489,B0FFH70JG8,Nanjing,B0FFFA2AO6,Shanghai,307.211,3.6,9,day 0,08:00,day 0,20:00,3396.906846
490,B0FFH4SOJP,Nanjing,B0FFJRVTYE,Shanghai,288.044,3.13333333333333,17,day 0,08:00,day 0,20:00,6416.379598
491,B0FFHCRHH3,Changzhou,B0FFKSVI1S,Shanghai,193.364,2.56666666666667,13,day 0,08:00,day 0,20:00,4906.643222
492,B020216GML,Yangzhou,B0FFH0WGKS,Suzhou,202.638,2.76666666666667,7,day 0,08:00,day 0,20:00,2642.038658
493,B0FFJN8WFQ,Wuxi,B00156GGDT,Shanghai,141.033,2.01666666666667,16,day 0,12:00,day 0,24:00,6038.945504
494,B01FE15XQH,Wuxi,B00156D6K6,Shanghai,205.372,2.71666666666667,7,day 0,08:00,day 0,20:00,2642.038658
495,B0FFFRXR3L,Yangzhou,B0FFHJD9U9,Wuxi,214.833,3.01666666666667,6,day 0,08:00,day 0,20:00,2264.604564
496,B0FFL9CGXN,Nanjing,B0FFH6WPC3,Shanghai,298.992,3.98333333333333,5,day 0,12:00,day 0,24:00,1887.17047
497,B0FFH1DRA5,Nanjing,B00156GGDT,Shanghai,316.378,3.9,16,day 0,08:00,day 0,20:00,6038.945504
498,B0FFH1DRA5,Nanjing,B00156D6K6,Shanghai,320.463,3.83333333333333,10,day 0,12:00,day 0,24:00,3774.34094
499,B0FFG0GSMW,Yangzhou,B0FFFOM198,Suzhou,259.595,3.85,4,day 0,12:00,day 0,24:00,1509.736376
500,B0FFLC9J93,Nanjing,B0FFH62FC9,Shanghai,352.936,4.43333333333333,5,day 0,08:00,day 0,20:00,1887.17047
501,B0FFK7ZQFN,Wuxi,B0FFF4JOKL,Suzhou,98.539,1.76666666666667,10,day 0,08:00,day 0,20:00,3774.34094
502,B0FFH3869T,Zhenjiang,B0FFH0WGKS,Suzhou,231.302,2.85,5,day 0,08:00,day 0,20:00,1887.17047
503,B0FFHXJXZR,Changzhou,B0FFGJ1NAK,Suzhou,157.575,2.11666666666667,9,day 0,12:00,day 0,24:00,3396.906846
504,B0FFGZQ43R,Wuxi,B0FFH6WPC3,Shanghai,143.881,1.96666666666667,4,day 0,12:00,day 0,24:00,1509.736376
505,B0G0NZW2VU,Nanjing,B02000JJN1,Suzhou,223.629,2.85,10,day 0,08:00,day 0,20:00,3774.34094
506,B0FFL9Q85P,Nanjing,B0FFH6WPC3,Shanghai,307.686,3.58333333333333,8,day 0,12:00,day 0,24:00,3019.472752
507,B0FFK4CQ2L,Changzhou,B0FFKSVI1S,Shanghai,194.004,2.65,18,day 0,12:00,day 0,24:00,6793.813692
508,B0FFJN8WFQ,Wuxi,B0G2MKTPMP,Shanghai,110.855,1.56666666666667,9,day 0,08:00,day 0,20:00,3396.906846
509,B0202173FW,Yangzhou,B0FFHC9CJ8,Suzhou,199.558,2.8,6,day 0,12:00,day 0,24:00,2264.604564
510,B0FFG9F43K,Changzhou,B0FFHD3E8G,Suzhou,91.863,1.41666666666667,9,day 0,12:00,day 0,24:00,3396.906846
511,B0FFHJD9U9,Wuxi,B0FFK7ZQFN,Wuxi,51.857,1,15,day 0,12:00,day 0,24:00,5661.51141
512,B0FFF8Z69A,Changzhou,B0G2MKTPMP,Shanghai,189.057,2.53333333333333,13,day 0,12:00,day 0,24:00,4906.643222
513,B0FFFTQ4U7,Wuxi,B0FFH61OBO,Suzhou,111.703,1.56666666666667,19,day 0,12:00,day 0,24:00,7171.247786
514,B0FFL9CGXN,Nanjing,B0FFFOM198,Suzhou,193.316,2.76666666666667,16,day 0,08:00,day 0,20:00,6038.945504
515,B0FFG0GSMW,Yangzhou,B0FFGIBTXI,Suzhou,293.429,3.91666666666667,8,day 0,08:00,day 0,20:00,3019.472752
516,B0FFH3869T,Zhenjiang,B0FFGPRVIT,Shanghai,287.206,3.51666666666667,18,day 0,12:00,day 0,24:00,6793.813692
517,B0FFFTQ4U7,Wuxi,B0FFH62FC9,Shanghai,167.928,2.21666666666667,12,day 0,12:00,day 0,24:00,4529.209128
518,B0FFGTI293,Changzhou,B0FFHC9CJ8,Suzhou,96.318,1.6,10,day 0,12:00,day 0,24:00,3774.34094
519,B0FFFTQ4U7,Wuxi,B02000JJN1,Suzhou,89.553,1.35,16,day 0,12:00,day 0,24:00,6038.945504
520,B00190CNHV,Nanjing,B0FFL37B6B,Suzhou,257.008,3.21666666666667,10,day 0,08:00,day 0,20:00,3774.34094
521,B0FFG9F43K,Changzhou,B02000JJN1,Suzhou,98.425,1.46666666666667,6,day 0,12:00,day 0,24:00,2264.604564
522,B0FFL9CGXN,Nanjing,B0FFGZQ43R,Wuxi,166.65,2.46666666666667,18,day 0,12:00,day 0,24:00,6793.813692
523,B0FFG2575E,Zhenjiang,B02000JJ21,Suzhou,184.367,2.31666666666667,6,day 0,08:00,day 0,20:00,2264.604564
524,B0FFK4CQ2L,Changzhou,B0FFJRVTYE,Shanghai,178.927,2.36666666666667,16,day 0,08:00,day 0,20:00,6038.945504
525,B0FFJN8WFQ,Wuxi,B02001C3PG,Suzhou,57.505,1.13333333333333,6,day 0,08:00,day 0,20:00,2264.604564
526,B0FFF8Z69A,Changzhou,B0FFGIBTXI,Suzhou,155.702,2.3,5,day 0,12:00,day 0,24:00,1887.17047
527,B0FFL9Q85P,Nanjing,B0FFHY6PN3,Suzhou,213.845,2.58333333333333,15,day 0,08:00,day 0,20:00,5661.51141
528,B0GUAXEBYM,Changzhou,B0FFH0WGKS,Suzhou,114.49,1.68333333333333,9,day 0,12:00,day 0,24:00,3396.906846
529,B0FFFRS0IH,Nanjing,B0FFJRVTYE,Shanghai,292,3.46666666666667,4,day 0,08:00,day 0,20:00,1509.736376
530,B0FFFRXR3L,Yangzhou,B0FFI8WH5V,Suzhou,262.816,3.7,14,day 0,08:00,day 0,20:00,5284.077316
531,B0FFG0GSMW,Yangzhou,B0FFHD3E8G,Suzhou,281.584,3.93333333333333,14,day 0,08:00,day 0,20:00,5284.077316
532,B0G1AO0IBH,Nanjing,B01FE15UUN,Wuxi,178.159,2.2,19,day 0,08:00,day 0,20:00,7171.247786
533,B0FFGZQ43R,Wuxi,B00156GGDT,Shanghai,150.54,2.05,15,day 0,12:00,day 0,24:00,5661.51141
534,B0FFH3869T,Zhenjiang,B0FFHJD9U9,Wuxi,147.676,2,14,day 0,08:00,day 0,20:00,5284.077316
535,B0FFF4HNKG,Yangzhou,B0FFGIBTXI,Suzhou,217.632,2.8,16,day 0,08:00,day 0,20:00,6038.945504
536,B0FFLC9J93,Nanjing,B00156GGDT,Shanghai,361.427,4.5,13,day 0,12:00,day 0,24:00,4906.643222
537,B0FFGZQ43R,Wuxi,B0FFHD3E8G,Suzhou,60.194,1.01666666666667,16,day 0,08:00,day 0,20:00,6038.945504
538,B0FFL9CGXN,Nanjing,B0FFKZGWZ9,Suzhou,243.756,3.48333333333333,13,day 0,08:00,day 0,20:00,4906.643222
539,B0FFLC9J93,Nanjing,B02001C3PG,Suzhou,235.175,3.26666666666667,5,day 0,08:00,day 0,20:00,1887.17047
540,B0FFFU612V,Wuxi,B0FFG94S3Z,Shanghai,176.602,2.28333333333333,14,day 0,12:00,day 0,24:00,5284.077316
541,B0FFK4CQ2L,Changzhou,B00156GGDT,Shanghai,193.028,2.7,6,day 0,08:00,day 0,20:00,2264.604564
542,B0HDRHT0UU,Nanjing,B01FE15XQH,Wuxi,170.574,2.61666666666667,16,day 0,08:00,day 0,20:00,6038.945504
543,B0FFH3869T,Zhenjiang,B0FFL37B6B,Suzhou,249.351,3.1,15,day 0,12:00,day 0,24:00,5661.51141
544,B0202150WR,Yangzhou,B0FFFOM198,Suzhou,163.983,2.38333333333333,7,day 0,08:00,day 0,20:00,2642.038658
545,B0FFH70JG8,Nanjing,B0FFF4JOKL,Suzhou,272.631,3.21666666666667,10,day 0,12:00,day 0,24:00,3774.34094
546,B0FFGYNGHQ,Changzhou,B0FFHFSCFH,Suzhou,118.355,1.76666666666667,17,day 0,12:00,day 0,24:00,6416.379598
547,B0FFF4HNKG,Yangzhou,B0FFGJ1NAK,Suzhou,183.821,2.46666666666667,9,day 0,12:00,day 0,24:00,3396.906846
548,B00190CNHV,Nanjing,B0FFITJD3C,Wuxi,193.804,3.03333333333333,16,day 0,08:00,day 0,20:00,6038.945504
549,B0FFH3869T,Zhenjiang,B0FFL7OZ0J,Wuxi,178.356,2.38333333333333,12,day 0,12:00,day 0,24:00,4529.209128
550,B0FFK83QI3,Nanjing,B0FFK7ZQFN,Wuxi,167.161,2.01666666666667,9,day 0,08:00,day 0,20:00,3396.906846
551,B0FFG9F43K,Changzhou,B02000JR6M,Suzhou,68.479,1.25,15,day 0,12:00,day 0,24:00,5661.51141
552,B0G13KYBJL,Nanjing,B0FFHY6PN3,Suzhou,238.788,2.83333333333333,16,day 0,08:00,day 0,20:00,6038.945504
553,B0FFFRXR3L,Yangzhou,B0FFH0WGKS,Suzhou,298.459,4.06666666666667,17,day 0,08:00,day 0,20:00,6416.379598
554,B0202150WR,Yangzhou,B0IG9RDYYV,Suzhou,193.527,2.61666666666667,11,day 0,12:00,day 0,24:00,4151.775034
555,B0FFHCRHH3,Changzhou,B0FFGAIWAV,Suzhou,132.368,1.75,5,day 0,12:00,day 0,24:00,1887.17047
556,B0FFH3869T,Zhenjiang,B0FFI9JCED,Shanghai,268.694,3.35,14,day 0,08:00,day 0,20:00,5284.077316
557,B0FFIS83Q7,Zhenjiang,B0FFFOM198,Suzhou,130.57,2.06666666666667,16,day 0,08:00,day 0,20:00,6038.945504
558,B0FFJONTQ7,Changzhou,B0FFGIBTXI,Suzhou,145.61,2.05,14,day 0,08:00,day 0,20:00,5284.077316
559,B0G1AO0IBH,Nanjing,B0FFG94S3Z,Shanghai,291.87,3.4,11,day 0,12:00,day 0,24:00,4151.775034
560,B0GUCU8FLD,Zhenjiang,B0FFKSVI1S,Shanghai,290.105,3.6,14,day 0,12:00,day 0,24:00,5284.077316
561,B01FE15UUN,Wuxi,B0FFHNXOVT,Suzhou,116.21,1.58333333333333,16,day 0,12:00,day 0,24:00,6038.945504
562,B0G3AZBRXL,Yangzhou,B0FFGJ1NAK,Suzhou,184.69,2.38333333333333,8,day 0,08:00,day 0,20:00,3019.472752
563,B0FFFRS0IH,Nanjing,B0FFH0WGKS,Suzhou,232.224,2.81666666666667,14,day 0,08:00,day 0,20:00,5284.077316
564,B020216GML,Yangzhou,B0FFHY6PN3,Suzhou,172.338,2.25,16,day 0,08:00,day 0,20:00,6038.945504
565,B0202150WR,Yangzhou,B01FE15XQH,Wuxi,91.183,1.6,17,day 0,12:00,day 0,24:00,6416.379598
566,B0FFH70JG8,Nanjing,B02000JJ21,Suzhou,237.192,2.86666666666667,8,day 0,08:00,day 0,20:00,3019.472752
567,B0G3AZBRXL,Yangzhou,B0FFL37B6B,Suzhou,240.007,3.11666666666667,9,day 0,08:00,day 0,20:00,3396.906846
568,B0FFHXJXZR,Changzhou,B00156D6K6,Shanghai,253.614,3.1,4,day 0,12:00,day 0,24:00,1509.736376
569,B0FFH70JG8,Nanjing,B0IG9RDYYV,Suzhou,243.465,2.88333333333333,6,day 0,12:00,day 0,24:00,2264.604564
570,B0FFH70JG8,Nanjing,B00156ODDT,Shanghai,295.221,3.41666666666667,8,day 0,08:00,day 0,20:00,3019.472752
571,B0202150WR,Yangzhou,B0FFJN8WFQ,Wuxi,149.279,2.2,8,day 0,08:00,day 0,20:00,3019.472752
572,B020215DUP,Yangzhou,B0FFKSVI1S,Shanghai,293.613,3.83333333333333,19,day 0,08:00,day 0,20:00,7171.247786
573,B0FFIS83Q7,Zhenjiang,B0FFFU612V,Wuxi,84.358,1.3,20,day 0,08:00,day 0,20:00,7548.68188
574,B0FFHF2VI7,Wuxi,B0FFJRVTYE,Shanghai,139.169,1.93333333333333,8,day 0,08:00,day 0,20:00,3019.472752
575,B0FFJONTQ7,Changzhou,B0FFGO36Q6,Shanghai,218.262,2.88333333333333,11,day 0,12:00,day 0,24:00,4151.775034
576,B0GUCU8FLD,Zhenjiang,B0FFHY6PN3,Suzhou,190.307,2.41666666666667,10,day 0,12:00,day 0,24:00,3774.34094
577,B0FFHLH9SB,Zhenjiang,B0I6TYMZJG,Suzhou,200.845,2.45,4,day 0,08:00,day 0,20:00,1509.736376
578,B0FFFRXR3L,Yangzhou,B0FFKSVI1S,Shanghai,373.312,5.03333333333333,19,day 0,08:00,day 0,20:00,7171.247786
579,B0FFH3869T,Zhenjiang,B0I6TYMZJG,Suzhou,253.299,3,13,day 0,08:00,day 0,20:00,4906.643222
580,B0FFL9Q85P,Nanjing,B0FFHFSCFH,Suzhou,231.231,2.8,17,day 0,12:00,day 0,24:00,6416.379598
581,B0FFF4HNKG,Yangzhou,B0FFH62FC9,Shanghai,275.756,3.66666666666667,11,day 0,08:00,day 0,20:00,4151.775034
582,B0G0NZW2VU,Nanjing,B01FE0J0V7,Wuxi,153.738,2.03333333333333,19,day 0,12:00,day 0,24:00,7171.247786
583,B0FFHJD9U9,Wuxi,B0FFI8WH5V,Suzhou,53.6,1.05,5,day 0,08:00,day 0,20:00,1887.17047
584,B0FFGZQ43R,Wuxi,B0FFGAIWAV,Suzhou,90.52,1.31666666666667,9,day 0,08:00,day 0,20:00,3396.906846
585,B0FFK83QI3,Nanjing,B0FFHFSCFH,Suzhou,220.416,2.65,18,day 0,08:00,day 0,20:00,6793.813692
586,B0GUCU8FLD,Zhenjiang,B0FFHFSCFH,Suzhou,207.693,2.66666666666667,14,day 0,12:00,day 0,24:00,5284.077316
587,B0FFF8Z69A,Changzhou,B0I6TYMZJG,Suzhou,167.355,2.21666666666667,6,day 0,08:00,day 0,20:00,2264.604564
588,B0G1AO0IBH,Nanjing,B0FFFU612V,Wuxi,135.79,1.73333333333333,19,day 0,12:00,day 0,24:00,7171.247786
589,B01FE0J0V7,Wuxi,B00156ODDT,Shanghai,141.191,1.9,14,day 0,12:00,day 0,24:00,5284.077316
590,B0202150WR,Yangzhou,B0FFGAIWAV,Suzhou,216.298,2.81666666666667,18,day 0,08:00,day 0,20:00,6793.813692
591,B0FFG2575E,Zhenjiang,B0FFHDQA5M,Suzhou,189.236,2.33333333333333,10,day 0,12:00,day 0,24:00,3774.34094
592,B0GUAXEBYM,Changzhou,B02001C3PG,Suzhou,89.655,1.45,7,day 0,08:00,day 0,20:00,2642.038658
593,B0FFF8Z69A,Changzhou,B01FE15UUN,Wuxi,103.057,1.66666666666667,17,day 0,08:00,day 0,20:00,6416.379598
594,B0FFGYNGHQ,Changzhou,B00156GGDT,Shanghai,199.791,2.61666666666667,12,day 0,12:00,day 0,24:00,4529.209128
595,B0FFGTI293,Changzhou,B01FE15UUN,Wuxi,99.136,1.46666666666667,4,day 0,08:00,day 0,20:00,1509.736376
596,B0FFK7ZQFN,Wuxi,B0FFG94S3Z,Shanghai,142.431,1.91666666666667,12,day 0,12:00,day 0,24:00,4529.209128
597,B0FFIS83Q7,Zhenjiang,B00156ODDT,Shanghai,211.87,2.86666666666667,8,day 0,08:00,day 0,20:00,3019.472752
598,B0FFK7ZQFN,Wuxi,B0FFHD3E8G,Suzhou,82.609,1.3,8,day 0,08:00,day 0,20:00,3019.472752
599,B0FFGZQ43R,Wuxi,B0FFL37B6B,Suzhou,94.712,1.5,5,day 0,08:00,day 0,20:00,1887.17047
600,B0H1TCJ4IO,Yangzhou,B0FFHFSCFH,Suzhou,203.996,2.81666666666667,17,day 0,12:00,day 0,24:00,6416.379598
601,B01FE15UUN,Wuxi,B0FFG94S3Z,Shanghai,138.894,1.95,6,day 0,08:00,day 0,20:00,2264.604564
602,B0FFHXJXZR,Changzhou,B0FFGPRVIT,Shanghai,231.556,2.83333333333333,10,day 0,12:00,day 0,24:00,3774.34094
603,B0FFH3869T,Zhenjiang,B01FE0J0V7,Wuxi,146.515,1.98333333333333,9,day 0,08:00,day 0,20:00,3396.906846
604,B0FFFRXR3L,Yangzhou,B02000JJN1,Suzhou,288.552,3.96666666666667,4,day 0,08:00,day 0,20:00,1509.736376
605,B020215DUP,Yangzhou,B0G2MKTPMP,Shanghai,262.459,3.36666666666667,7,day 0,08:00,day 0,20:00,2642.038658
606,B0FFHXJXZR,Changzhou,B0FFHNXOVT,Suzhou,202.625,2.46666666666667,13,day 0,08:00,day 0,20:00,4906.643222
607,B01FE15XQH,Wuxi,B02000JR6M,Suzhou,87.557,1.48333333333333,9,day 0,08:00,day 0,20:00,3396.906846
608,B0FFHF2VI7,Wuxi,B0G2MKTPMP,Shanghai,123.092,1.75,8,day 0,12:00,day 0,24:00,3019.472752
609,B0FFL9Q85P,Nanjing,B0FFITJD3C,Wuxi,193.635,2.98333333333333,14,day 0,08:00,day 0,20:00,5284.077316
610,B0FFH3869T,Zhenjiang,B0FFFA2AO6,Shanghai,286.134,3.55,5,day 0,08:00,day 0,20:00,1887.17047
611,B0H1TCJ4IO,Yangzhou,B0GDDXZDXN,Suzhou,220.347,2.88333333333333,14,day 0,12:00,day 0,24:00,5284.077316
612,B01FE15UUN,Wuxi,B0FFH61OBO,Suzhou,101.48,1.43333333333333,13,day 0,12:00,day 0,24:00,4906.643222
613,B0202173FW,Yangzhou,B00156ODDT,Shanghai,287.519,3.7,14,day 0,12:00,day 0,24:00,5284.077316
614,B0FFL9CGXN,Nanjing,B0FFHD3E8G,Suzhou,215.305,2.96666666666667,12,day 0,08:00,day 0,20:00,4529.209128
615,B0G0ZLYTOF,Nanjing,B0FFGO36Q6,Shanghai,314.136,4.26666666666667,6,day 0,12:00,day 0,24:00,2264.604564
616,B0FFFRS0IH,Nanjing,B0FFFU612V,Wuxi,147.554,1.85,10,day 0,12:00,day 0,24:00,3774.34094
617,B020216GML,Yangzhou,B0FFHDQA5M,Suzhou,186.965,2.43333333333333,18,day 0,08:00,day 0,20:00,6793.813692
618,B0FFL9Q85P,Nanjing,B0FFHNXOVT,Suzhou,265.763,3.11666666666667,10,day 0,12:00,day 0,24:00,3774.34094
619,B0FFHJD9U9,Wuxi,B0IG9RDYYV,Suzhou,80.329,1.4,20,day 0,12:00,day 0,24:00,7548.68188
620,B0FFL9CGXN,Nanjing,B0IGCZC15I,Suzhou,251.15,3.3,7,day 0,12:00,day 0,24:00,2642.038658
621,B0FFH3869T,Zhenjiang,B0FFHFSCFH,Suzhou,223.743,2.81666666666667,6,day 0,12:00,day 0,24:00,2264.604564
622,B0G0ZLYTOF,Nanjing,B01FE0J0V7,Wuxi,146.353,2.41666666666667,8,day 0,12:00,day 0,24:00,3019.472752
623,B0FFH1DRA5,Nanjing,B0FFGPRVIT,Shanghai,298.405,3.51666666666667,6,day 0,08:00,day 0,20:00,2264.604564
624,B0FFFU612V,Wuxi,B0FFFA2AO6,Shanghai,160.153,2.18333333333333,14,day 0,08:00,day 0,20:00,5284.077316
625,B0FFGYNGHQ,Changzhou,B00156ODDT,Shanghai,168.756,2.13333333333333,9,day 0,12:00,day 0,24:00,3396.906846
626,B00190CNHV,Nanjing,B0FFFOM198,Suzhou,183.884,2.26666666666667,6,day 0,12:00,day 0,24:00,2264.604564
627,B0FFG2575E,Zhenjiang,B0GDDXZDXN,Suzhou,208.346,2.53333333333333,20,day 0,08:00,day 0,20:00,7548.68188
628,B0FFL9CGXN,Nanjing,B0GDDXZDXN,Suzhou,240.566,3.15,12,day 0,12:00,day 0,24:00,4529.209128
629,B0FFGTI293,Changzhou,B0FFGJ1NAK,Suzhou,117.97,1.75,20,day 0,08:00,day 0,20:00,7548.68188
630,B0FFGYNGHQ,Changzhou,B0FFHY6PN3,Suzhou,100.84,1.43333333333333,12,day 0,08:00,day 0,20:00,4529.209128
631,B01FE0J0V7,Wuxi,B02001C3PG,Suzhou,78.951,1.35,14,day 0,08:00,day 0,20:00,5284.077316
632,B0FFFRXR3L,Yangzhou,B01FE15XQH,Wuxi,187.201,2.96666666666667,6,day 0,08:00,day 0,20:00,2264.604564
633,B0FFLC9J93,Nanjing,B0FFH61OBO,Suzhou,299.793,3.5,6,day 0,08:00,day 0,20:00,2264.604564
634,B0FFG2575E,Zhenjiang,B0FFKDRXE8,Shanghai,301.102,3.75,6,day 0,08:00,day 0,20:00,2264.604564
635,B0G0NZW2VU,Nanjing,B0FFKDRXE8,Shanghai,335.085,4.18333333333333,14,day 0,12:00,day 0,24:00,5284.077316
636,B0GUAXEBYM,Changzhou,B0FFHNXOVT,Suzhou,148.372,1.91666666666667,14,day 0,12:00,day 0,24:00,5284.077316
637,B0FFG2575E,Zhenjiang,B0FFGO36Q6,Shanghai,282.55,3.51666666666667,7,day 0,08:00,day 0,20:00,2642.038658
638,B0H1TCJ4IO,Yangzhou,B0FFGZQ43R,Wuxi,146.431,2.21666666666667,15,day 0,12:00,day 0,24:00,5661.51141
639,B0FFITJD3C,Wuxi,B0FFHNXOVT,Suzhou,99.205,1.48333333333333,13,day 0,12:00,day 0,24:00,4906.643222
640,B0HDRHT0UU,Nanjing,B0FFGO36Q6,Shanghai,349.231,4.26666666666667,14,day 0,12:00,day 0,24:00,5284.077316
641,B0FFL7OZ0J,Wuxi,B0FFGJ1NAK,Suzhou,64.373,1.21666666666667,5,day 0,12:00,day 0,24:00,1887.17047
642,B0FFK7ZQFN,Wuxi,B0FFGPRVIT,Shanghai,136.864,1.86666666666667,16,day 0,12:00,day 0,24:00,6038.945504
643,B0G3AZBRXL,Yangzhou,B0FFF4JOKL,Suzhou,242.21,3.16666666666667,7,day 0,12:00,day 0,24:00,2642.038658
644,B0FFHLH9SB,Zhenjiang,B01FE15UUN,Wuxi,136.547,1.85,11,day 0,08:00,day 0,20:00,4151.775034
645,B0G0NZW2VU,Nanjing,B0FFHJD9U9,Wuxi,149.91,2,10,day 0,08:00,day 0,20:00,3774.34094
646,B0HDRHT0UU,Nanjing,B0FFHFSCFH,Suzhou,258.676,3.21666666666667,15,day 0,08:00,day 0,20:00,5661.51141
647,B0FFJONTQ7,Changzhou,B0GDDXZDXN,Suzhou,144.058,1.88333333333333,18,day 0,08:00,day 0,20:00,6793.813692
648,B0FFF4HNKG,Yangzhou,B0FFHJD9U9,Wuxi,123.662,1.78333333333333,9,day 0,08:00,day 0,20:00,3396.906846
649,B0FFHLH9SB,Zhenjiang,B0FFF4JOKL,Suzhou,199.1,2.6,5,day 0,08:00,day 0,20:00,1887.17047
650,B0FFGZQ43R,Wuxi,B0FFGIBTXI,Suzhou,107.602,1.58333333333333,18,day 0,12:00,day 0,24:00,6793.813692
651,B0FFK83QI3,Nanjing,B0FFHC9CJ8,Suzhou,182.856,2.33333333333333,15,day 0,08:00,day 0,20:00,5661.51141
652,B0202173FW,Yangzhou,B0FFHFSCFH,Suzhou,237.118,3.06666666666667,16,day 0,08:00,day 0,20:00,6038.945504
653,B0FFGYNGHQ,Changzhou,B0IG9RDYYV,Suzhou,117,1.68333333333333,19,day 0,12:00,day 0,24:00,7171.247786
654,B01FE15UUN,Wuxi,B0FFH6WPC3,Shanghai,156.455,2.13333333333333,7,day 0,12:00,day 0,24:00,2642.038658
655,B020215DUP,Yangzhou,B0FFFA2AO6,Shanghai,273.592,3.58333333333333,6,day 0,08:00,day 0,20:00,2264.604564
656,B0G0NZW2VU,Nanjing,B0GDDXZDXN,Suzhou,231.966,2.55,4,day 0,12:00,day 0,24:00,1509.736376
657,B0FFL9Q85P,Nanjing,B0G2MKTPMP,Shanghai,282.489,3.3,6,day 0,08:00,day 0,20:00,2264.604564
658,B0G13KYBJL,Nanjing,B0FFHC9CJ8,Suzhou,218.614,2.78333333333333,15,day 0,12:00,day 0,24:00,5661.51141
659,B0FFHF2VI7,Wuxi,B0FFH61OBO,Suzhou,91.636,1.46666666666667,8,day 0,08:00,day 0,20:00,3019.472752
660,B0FFH3869T,Zhenjiang,B0FFHY6PN3,Suzhou,206.357,2.6,12,day 0,12:00,day 0,24:00,4529.209128
661,B0G0NZW2VU,Nanjing,B0FFGJ1NAK,Suzhou,209.94,2.7,11,day 0,08:00,day 0,20:00,4151.775034
662,B0FFHCRHH3,Changzhou,B0FFI9JCED,Shanghai,155.903,2.13333333333333,8,day 0,12:00,day 0,24:00,3019.472752
663,B0FFIS83Q7,Zhenjiang,B0FFL7OZ0J,Wuxi,116.082,1.86666666666667,15,day 0,08:00,day 0,20:00,5661.51141
664,B0FFFTQ4U7,Wuxi,B0IGCZC15I,Suzhou,118.836,1.61666666666667,11,day 0,08:00,day 0,20:00,4151.775034
665,B0FFJONTQ7,Changzhou,B0FFI8WH5V,Suzhou,99.623,1.51666666666667,19,day 0,08:00,day 0,20:00,7171.247786
666,B0FFJONTQ7,Changzhou,B01FE0J0V7,Wuxi,50.479,1.21666666666667,13,day 0,12:00,day 0,24:00,4906.643222
667,B01FE0J0V7,Wuxi,B0FFLCF954,Shanghai,143.827,2.35,19,day 0,08:00,day 0,20:00,7171.247786
668,B0FFL7OZ0J,Wuxi,B0FFKZGWZ9,Suzhou,99.822,1.5,11,day 0,08:00,day 0,20:00,4151.775034
669,B0GUCU8FLD,Zhenjiang,B0FFGAIWAV,Suzhou,229.109,2.83333333333333,19,day 0,12:00,day 0,24:00,7171.247786
670,B0G0ZLYTOF,Nanjing,B0FFH0WGKS,Suzhou,231.14,3.28333333333333,10,day 0,08:00,day 0,20:00,3774.34094
671,B0202150WR,Yangzhou,B0FFL37B6B,Suzhou,220.49,2.93333333333333,5,day 0,12:00,day 0,24:00,1887.17047
672,B0FFK7ZQFN,Wuxi,B0FFGO36Q6,Shanghai,154.146,2.15,19,day 0,08:00,day 0,20:00,7171.247786
673,B0GUCU8FLD,Zhenjiang,B0FFHJD9U9,Wuxi,131.626,1.81666666666667,5,day 0,08:00,day 0,20:00,1887.17047
674,B0FFG2575E,Zhenjiang,B0FFJRVTYE,Shanghai,259.33,3.15,6,day 0,08:00,day 0,20:00,2264.604564
675,B0FFHJD9U9,Wuxi,B02001C3PG,Suzhou,69.583,1.3,13,day 0,12:00,day 0,24:00,4906.643222
676,B0FFH70JG8,Nanjing,B0IGCZC15I,Suzhou,266.261,2.95,20,day 0,12:00,day 0,24:00,7548.68188
677,B0FFFTQ4U7,Wuxi,B0FFLCF954,Shanghai,111.796,2,5,day 0,12:00,day 0,24:00,1887.17047
678,B0FFL7OZ0J,Wuxi,B0I6TYMZJG,Suzhou,105.837,1.41666666666667,16,day 0,12:00,day 0,24:00,6038.945504
679,B0FFGTI293,Changzhou,B0G2MKTPMP,Shanghai,185.136,2.35,18,day 0,08:00,day 0,20:00,6793.813692
680,B0202173FW,Yangzhou,B0FFJN8WFQ,Wuxi,191.515,2.6,15,day 0,08:00,day 0,20:00,5661.51141
681,B0FFL9Q85P,Nanjing,B0FFKZGWZ9,Suzhou,250.772,3.03333333333333,4,day 0,12:00,day 0,24:00,1509.736376
682,B0FFF8Z69A,Changzhou,B0FFJRVTYE,Shanghai,205.134,2.71666666666667,8,day 0,08:00,day 0,20:00,3019.472752
683,B0FFK4CQ2L,Changzhou,B0FFGZQ43R,Wuxi,54.027,1.15,14,day 0,12:00,day 0,24:00,5284.077316
684,B0FFL9Q85P,Nanjing,B02000JR6M,Suzhou,198.937,2.45,5,day 0,12:00,day 0,24:00,1887.17047
685,B0FFGTI293,Changzhou,B0FFHY6PN3,Suzhou,116.492,1.66666666666667,4,day 0,12:00,day 0,24:00,1509.736376
686,B0FFH4SOJP,Nanjing,B0FFGAIWAV,Suzhou,236.126,2.78333333333333,12,day 0,12:00,day 0,24:00,4529.209128
687,B0G3AZBRXL,Yangzhou,B01FE0J0V7,Wuxi,137.171,1.83333333333333,19,day 0,08:00,day 0,20:00,7171.247786
688,B01FE0J0V7,Wuxi,B0FFHD3E8G,Suzhou,81.88,1.28333333333333,12,day 0,08:00,day 0,20:00,4529.209128
689,B0GUAXEBYM,Changzhou,B00156GGDT,Shanghai,195.276,2.53333333333333,16,day 0,12:00,day 0,24:00,6038.945504
690,B01FE0J0V7,Wuxi,B0FFHY6PN3,Suzhou,97.094,1.51666666666667,13,day 0,12:00,day 0,24:00,4906.643222
691,B0FFLC9J93,Nanjing,B0FFGZQ43R,Wuxi,222.426,2.73333333333333,8,day 0,12:00,day 0,24:00,3019.472752
692,B0FFF8Z69A,Changzhou,B0FFGJ1NAK,Suzhou,121.891,1.95,13,day 0,08:00,day 0,20:00,4906.643222
693,B0FFHLH9SB,Zhenjiang,B01FE0J0V7,Wuxi,94.061,1.45,20,day 0,08:00,day 0,20:00,7548.68188
694,B01FE0J0V7,Wuxi,B0FFH62FC9,Shanghai,166.817,2.21666666666667,5,day 0,12:00,day 0,24:00,1887.17047
695,B0G13KYBJL,Nanjing,B0FFK7ZQFN,Wuxi,202.919,2.46666666666667,17,day 0,12:00,day 0,24:00,6416.379598
696,B01FE15XQH,Wuxi,B0FFKDRXE8,Shanghai,206.797,2.96666666666667,8,day 0,12:00,day 0,24:00,3019.472752
697,B0FFFU612V,Wuxi,B0IG9RDYYV,Suzhou,96.407,1.5,9,day 0,12:00,day 0,24:00,3396.906846
698,B0FFHLH9SB,Zhenjiang,B0FFGZQ43R,Wuxi,113.724,1.7,19,day 0,08:00,day 0,20:00,7171.247786
699,B0GUCU8FLD,Zhenjiang,B02000JJ21,Suzhou,200.065,2.53333333333333,13,day 0,12:00,day 0,24:00,4906.643222
700,B0FFGTI293,Changzhou,B0I6TYMZJG,Suzhou,163.434,2.05,17,day 0,12:00,day 0,24:00,6416.379598
701,B0FFGTI293,Changzhou,B02000JJN1,Suzhou,131.53,1.88333333333333,5,day 0,12:00,day 0,24:00,1887.17047
702,B01FE0J0V7,Wuxi,B0FFGAIWAV,Suzhou,112.206,1.56666666666667,19,day 0,12:00,day 0,24:00,7171.247786
703,B0FFHXJXZR,Changzhou,B02001C3PG,Suzhou,137.954,1.86666666666667,17,day 0,08:00,day 0,20:00,6416.379598
704,B0H1TCJ4IO,Yangzhou,B0FFKSVI1S,Shanghai,286.408,3.8,14,day 0,12:00,day 0,24:00,5284.077316
705,B0202150WR,Yangzhou,B0FFFTQ4U7,Wuxi,145.353,2,10,day 0,12:00,day 0,24:00,3774.34094
706,B0FFGTI293,Changzhou,B00156D6K6,Shanghai,219.399,2.83333333333333,19,day 0,12:00,day 0,24:00,7171.247786
707,B0FFL7OZ0J,Wuxi,B0FFGAIWAV,Suzhou,97.697,1.46666666666667,8,day 0,08:00,day 0,20:00,3019.472752
708,B0G3AZBRXL,Yangzhou,B01FE15XQH,Wuxi,110.7,1.78333333333333,15,day 0,12:00,day 0,24:00,5661.51141
709,B0FFG2575E,Zhenjiang,B0IGCZC15I,Suzhou,219.077,2.66666666666667,8,day 0,12:00,day 0,24:00,3019.472752
710,B0202150WR,Yangzhou,B02000JJ21,Suzhou,187.254,2.51666666666667,4,day 0,12:00,day 0,24:00,1509.736376
711,B0FFF4HNKG,Yangzhou,B0GDDXZDXN,Suzhou,216.08,2.85,16,day 0,08:00,day 0,20:00,6038.945504
712,B0FFFRS0IH,Nanjing,B0FFG94S3Z,Shanghai,303.505,3.63333333333333,14,day 0,08:00,day 0,20:00,5284.077316
713,B0G13KYBJL,Nanjing,B0FFFU612V,Wuxi,179.063,2.18333333333333,9,day 0,08:00,day 0,20:00,3396.906846
714,B0FFH3869T,Zhenjiang,B02000JR6M,Suzhou,191.449,2.48333333333333,5,day 0,08:00,day 0,20:00,1887.17047
715,B00190CNHV,Nanjing,B0FFHC9CJ8,Suzhou,186.202,2.41666666666667,16,day 0,08:00,day 0,20:00,6038.945504
716,B0GUAXEBYM,Changzhou,B0FFFA2AO6,Shanghai,176.231,2.26666666666667,16,day 0,12:00,day 0,24:00,6038.945504
717,B0G1AO0IBH,Nanjing,B0FFHF2VI7,Wuxi,150.389,2.15,10,day 0,08:00,day 0,20:00,3774.34094
718,B0FFH1DRA5,Nanjing,B0FFH62FC9,Shanghai,310.969,3.63333333333333,19,day 0,12:00,day 0,24:00,7171.247786
719,B0FFHF2VI7,Wuxi,B0FFJ1CPHP,Shanghai,125.825,1.76666666666667,8,day 0,08:00,day 0,20:00,3019.472752
720,B0FFL9Q85P,Nanjing,B01FE0J0V7,Wuxi,154.003,2.06666666666667,6,day 0,08:00,day 0,20:00,2264.604564
721,B0GUCU8FLD,Zhenjiang,B0FFGO36Q6,Shanghai,298.248,3.78333333333333,14,day 0,12:00,day 0,24:00,5284.077316
722,B0FFHJD9U9,Wuxi,B0FFHY6PN3,Suzhou,87.726,1.46666666666667,12,day 0,12:00,day 0,24:00,4529.209128
723,B0FFHCRHH3,Changzhou,B0FFG94S3Z,Shanghai,189.792,2.36666666666667,5,day 0,12:00,day 0,24:00,1887.17047
724,B0G0NZW2VU,Nanjing,B0FFH61OBO,Suzhou,245.779,3.08333333333333,13,day 0,08:00,day 0,20:00,4906.643222
725,B0FFFRS0IH,Nanjing,B0FFJ1CPHP,Shanghai,265.644,3.16666666666667,7,day 0,12:00,day 0,24:00,2642.038658
726,B0FFJN8WFQ,Wuxi,B02000JJ21,Suzhou,51.969,1.01666666666667,17,day 0,08:00,day 0,20:00,6416.379598
727,B0202150WR,Yangzhou,B0FFHD3E8G,Suzhou,185.972,2.51666666666667,15,day 0,12:00,day 0,24:00,5661.51141
728,B01FE15UUN,Wuxi,B0IG9RDYYV,Suzhou,80.323,1.31666666666667,19,day 0,08:00,day 0,20:00,7171.247786
729,B0FFITJD3C,Wuxi,B0FFJRVTYE,Shanghai,132.008,1.78333333333333,12,day 0,08:00,day 0,20:00,4529.209128
730,B0FFLC9J93,Nanjing,B0FFL37B6B,Suzhou,305.599,3.61666666666667,15,day 0,12:00,day 0,24:00,5661.51141
731,B0FFFTQ4U7,Wuxi,B0FFGO36Q6,Shanghai,155.339,2.26666666666667,11,day 0,12:00,day 0,24:00,4151.775034
732,B0FFH1DRA5,Nanjing,B0FFGZQ43R,Wuxi,177.377,2.25,8,day 0,12:00,day 0,24:00,3019.472752
733,B0H1TCJ4IO,Yangzhou,B0FFKZGWZ9,Suzhou,217.019,2.85,10,day 0,12:00,day 0,24:00,3774.34094
734,B0FFL9CGXN,Nanjing,B0FFL37B6B,Suzhou,249.823,3.35,11,day 0,08:00,day 0,20:00,4151.775034
735,B0FFK4CQ2L,Changzhou,B0FFH0WGKS,Suzhou,119.151,1.8,18,day 0,08:00,day 0,20:00,6793.813692
736,B0FFH3869T,Zhenjiang,B0FFH6WPC3,Shanghai,298.52,3.71666666666667,13,day 0,12:00,day 0,24:00,4906.643222
737,B020216GML,Yangzhou,B0FFH61OBO,Suzhou,214.881,2.91666666666667,5,day 0,08:00,day 0,20:00,1887.17047
738,B0FFIS83Q7,Zhenjiang,B0I6TYMZJG,Suzhou,191.025,2.46666666666667,10,day 0,12:00,day 0,24:00,3774.34094
739,B0FFG9F43K,Changzhou,B02001C3PG,Suzhou,65.244,1.2,13,day 0,08:00,day 0,20:00,4906.643222
740,B0FFIS83Q7,Zhenjiang,B0FFH6WPC3,Shanghai,236.246,3.2,8,day 0,08:00,day 0,20:00,3019.472752
741,B0202173FW,Yangzhou,B01FE15XQH,Wuxi,142.9,2.13333333333333,16,day 0,12:00,day 0,24:00,6038.945504
742,B01FE15UUN,Wuxi,B0FFH0WGKS,Suzhou,89.237,1.35,12,day 0,12:00,day 0,24:00,4529.209128
743,B0FFH3869T,Zhenjiang,B0FFFTQ4U7,Wuxi,174.214,2.33333333333333,13,day 0,12:00,day 0,24:00,4906.643222
744,B0FFF4HNKG,Yangzhou,B0FFFTQ4U7,Wuxi,150.2,2.11666666666667,16,day 0,12:00,day 0,24:00,6038.945504
745,B0G1AO0IBH,Nanjing,B0FFJN8WFQ,Wuxi,159.537,1.95,9,day 0,08:00,day 0,20:00,3396.906846
746,B0FFGZQ43R,Wuxi,B0G2MKTPMP,Shanghai,120.362,1.6,9,day 0,12:00,day 0,24:00,3396.906846
747,B0G1AO0IBH,Nanjing,B02000JJN1,Suzhou,210.682,2.6,7,day 0,12:00,day 0,24:00,2642.038658
748,B0FFF8Z69A,Changzhou,B0GDDXZDXN,Suzhou,154.15,2.11666666666667,6,day 0,08:00,day 0,20:00,2264.604564
749,B0FFGTI293,Changzhou,B0FFGO36Q6,Shanghai,224.433,2.93333333333333,19,day 0,08:00,day 0,20:00,7171.247786
750,B0FFHF2VI7,Wuxi,B0FFHDQA5M,Suzhou,80.183,1.3,19,day 0,08:00,day 0,20:00,7171.247786
751,B01FE15XQH,Wuxi,B0FFH61OBO,Suzhou,139.653,1.93333333333333,16,day 0,08:00,day 0,20:00,6038.945504
752,B0FFG0GSMW,Yangzhou,B0FFGO36Q6,Shanghai,381.049,5.18333333333333,14,day 0,08:00,day 0,20:00,5284.077316
753,B0GKC6MA4E,Yangzhou,B0FFK7ZQFN,Wuxi,169.583,2.3,7,day 0,08:00,day 0,20:00,2642.038658
754,B0FFF4HNKG,Yangzhou,B0FFHD3E8G,Suzhou,190.819,2.65,6,day 0,12:00,day 0,24:00,2264.604564
755,B0FFF8Z69A,Changzhou,B0FFL7OZ0J,Wuxi,92.412,1.75,12,day 0,08:00,day 0,20:00,4529.209128
756,B0G1AO0IBH,Nanjing,B0FFKSVI1S,Shanghai,305.049,3.36666666666667,6,day 0,12:00,day 0,24:00,2264.604564
757,B0FFFU612V,Wuxi,B0FFITJD3C,Wuxi,60.166,1.5,16,day 0,12:00,day 0,24:00,6038.945504
758,B0FFLC9J93,Nanjing,B0FFFTQ4U7,Wuxi,221.175,3.16666666666667,17,day 0,08:00,day 0,20:00,6416.379598
759,B0202150WR,Yangzhou,B0FFJ1CPHP,Shanghai,235.861,2.91666666666667,5,day 0,08:00,day 0,20:00,1887.17047
760,B01FE15UUN,Wuxi,B0FFLCF954,Shanghai,107.066,1.95,14,day 0,12:00,day 0,24:00,5284.077316
761,B0FFH3869T,Zhenjiang,B0FFF4JOKL,Suzhou,251.554,3.15,6,day 0,12:00,day 0,24:00,2264.604564
762,B0FFG2575E,Zhenjiang,B0FFHY6PN3,Suzhou,174.609,2.18333333333333,13,day 0,08:00,day 0,20:00,4906.643222
763,B0FFFRS0IH,Nanjing,B0FFHD3E8G,Suzhou,211.875,2.55,14,day 0,12:00,day 0,24:00,5284.077316
764,B0FFG9F43K,Changzhou,B0FFH0WGKS,Suzhou,108.332,1.56666666666667,9,day 0,08:00,day 0,20:00,3396.906846
765,B0FFF8Z69A,Changzhou,B0FFGO36Q6,Shanghai,228.354,3.11666666666667,7,day 0,08:00,day 0,20:00,2642.038658
766,B0FFL9CGXN,Nanjing,B0FFKDRXE8,Shanghai,333.323,4.35,17,day 0,12:00,day 0,24:00,6416.379598
767,B0FFHXJXZR,Changzhou,B00156ODDT,Shanghai,218.494,2.65,11,day 0,12:00,day 0,24:00,4151.775034
768,B0202173FW,Yangzhou,B0FFITJD3C,Wuxi,199.522,3.16666666666667,15,day 0,12:00,day 0,24:00,5661.51141
769,B0G13KYBJL,Nanjing,B0FFH6WPC3,Shanghai,330.951,4.03333333333333,6,day 0,12:00,day 0,24:00,2264.604564
770,B0FFK7ZQFN,Wuxi,B0FFI8WH5V,Suzhou,63.435,1.06666666666667,16,day 0,08:00,day 0,20:00,6038.945504
771,B0FFFTQ4U7,Wuxi,B0FFL37B6B,Suzhou,117.509,1.7,20,day 0,08:00,day 0,20:00,7548.68188
772,B0FFHF2VI7,Wuxi,B0FFF4JOKL,Suzhou,99.645,1.71666666666667,14,day 0,12:00,day 0,24:00,5284.077316
773,B0FFF8Z69A,Changzhou,B0FFHFSCFH,Suzhou,137.799,2.13333333333333,18,day 0,12:00,day 0,24:00,6793.813692
774,B0FFFRXR3L,Yangzhou,B0I6TYMZJG,Suzhou,320.456,4.21666666666667,9,day 0,12:00,day 0,24:00,3396.906846
775,B0FFH4SOJP,Nanjing,B0FFL7OZ0J,Wuxi,169.323,2.25,16,day 0,08:00,day 0,20:00,6038.945504
776,B0FFHLH9SB,Zhenjiang,B02000JJN1,Suzhou,168.941,2.21666666666667,17,day 0,08:00,day 0,20:00,6416.379598
777,B0G3AZBRXL,Yangzhou,B0FFFU612V,Wuxi,137.288,1.73333333333333,8,day 0,08:00,day 0,20:00,3019.472752
778,B0FFH1DRA5,Nanjing,B0FFGAIWAV,Suzhou,256.358,3,8,day 0,12:00,day 0,24:00,3019.472752
779,B0FFHE4XO4,Changzhou,B0FFJN8WFQ,Wuxi,82.864,1.23333333333333,5,day 0,08:00,day 0,20:00,1887.17047
780,B0FFHCRHH3,Changzhou,B02000JJ21,Suzhou,103.324,1.51666666666667,6,day 0,08:00,day 0,20:00,2264.604564
781,B0GUAXEBYM,Changzhou,B0FFKDRXE8,Shanghai,222.948,2.86666666666667,10,day 0,12:00,day 0,24:00,3774.34094
782,B0FFLC9J93,Nanjing,B0FFHJD9U9,Wuxi,203.924,2.51666666666667,14,day 0,08:00,day 0,20:00,5284.077316
783,B0202150WR,Yangzhou,B00156D6K6,Shanghai,280.403,3.68333333333333,18,day 0,12:00,day 0,24:00,6793.813692
784,B0FFK4CQ2L,Changzhou,B0FFFA2AO6,Shanghai,173.983,2.4,5,day 0,12:00,day 0,24:00,1887.17047
785,B0G0NZW2VU,Nanjing,B02001C3PG,Suzhou,190.319,2.46666666666667,17,day 0,12:00,day 0,24:00,6416.379598
786,B0FFJN8WFQ,Wuxi,B00156D6K6,Shanghai,145.118,1.98333333333333,12,day 0,12:00,day 0,24:00,4529.209128
787,B0202150WR,Yangzhou,B0FFHJD9U9,Wuxi,118.815,1.66666666666667,15,day 0,08:00,day 0,20:00,5661.51141
788,B00190CNHV,Nanjing,B0FFHNXOVT,Suzhou,265.932,3.25,17,day 0,12:00,day 0,24:00,6416.379598
789,B00190CNHV,Nanjing,B0FFHJD9U9,Wuxi,155.333,2.05,17,day 0,12:00,day 0,24:00,6416.379598
790,B0202150WR,Yangzhou,B0FFK7ZQFN,Wuxi,141.627,1.86666666666667,13,day 0,08:00,day 0,20:00,4906.643222
791,B0FFHE4XO4,Changzhou,B0FFHD3E8G,Suzhou,114.946,1.58333333333333,13,day 0,12:00,day 0,24:00,4906.643222
792,B0FFHJD9U9,Wuxi,B0FFH61OBO,Suzhou,101.486,1.56666666666667,8,day 0,08:00,day 0,20:00,3019.472752
793,B0FFFRS0IH,Nanjing,B0FFH6WPC3,Shanghai,299.668,3.53333333333333,5,day 0,08:00,day 0,20:00,1887.17047
794,B0FFG2575E,Zhenjiang,B0FFLCF954,Shanghai,240.119,3.23333333333333,18,day 0,12:00,day 0,24:00,6793.813692
795,B0FFHE4XO4,Changzhou,B0FFJRVTYE,Shanghai,187.424,2.56666666666667,15,day 0,12:00,day 0,24:00,5661.51141
796,B0FFK7ZQFN,Wuxi,B0FFKZGWZ9,Suzhou,82.02,1.25,5,day 0,12:00,day 0,24:00,1887.17047
797,B0FFGTI293,Changzhou,B0FFHJD9U9,Wuxi,57.811,1.23333333333333,18,day 0,08:00,day 0,20:00,6793.813692
798,B0FFFTQ4U7,Wuxi,B0FFI8WH5V,Suzhou,63.817,1.08333333333333,11,day 0,08:00,day 0,20:00,4151.775034
799,B0FFJN8WFQ,Wuxi,B0FFH62FC9,Shanghai,135.624,1.91666666666667,20,day 0,08:00,day 0,20:00,7548.68188
800,B0FFHF2VI7,Wuxi,B0FFHY6PN3,Suzhou,62.839,1.2,14,day 0,08:00,day 0,20:00,5284.077316
801,B020216GML,Yangzhou,B00156D6K6,Shanghai,280.6,3.78333333333333,13,day 0,08:00,day 0,20:00,4906.643222
802,B0GUAXEBYM,Changzhou,B0FFGIBTXI,Suzhou,143.087,2.01666666666667,10,day 0,12:00,day 0,24:00,3774.34094
803,B0202173FW,Yangzhou,B0FFGIBTXI,Suzhou,250.701,3.11666666666667,17,day 0,08:00,day 0,20:00,6416.379598
804,B0FFK7ZQFN,Wuxi,B00156GGDT,Shanghai,155.013,2.18333333333333,7,day 0,12:00,day 0,24:00,2642.038658
805,B0FFHJD9U9,Wuxi,B0FFHD3E8G,Suzhou,72.774,1.31666666666667,17,day 0,12:00,day 0,24:00,6416.379598
806,B0FFG2575E,Zhenjiang,B0FFHJD9U9,Wuxi,115.928,1.61666666666667,16,day 0,12:00,day 0,24:00,6038.945504
807,B0FFL7OZ0J,Wuxi,B0FFFA2AO6,Shanghai,138.672,1.95,19,day 0,08:00,day 0,20:00,7171.247786
808,B0FFG9F43K,Changzhou,B0FFLCF954,Shanghai,148.897,2.43333333333333,4,day 0,08:00,day 0,20:00,1509.736376
809,B0FFG0GSMW,Yangzhou,B0FFHY6PN3,Suzhou,258.14,3.48333333333333,17,day 0,08:00,day 0,20:00,6416.379598
810,B0FFH1DRA5,Nanjing,B0FFHFSCFH,Suzhou,234.942,2.83333333333333,12,day 0,12:00,day 0,24:00,4529.209128
811,B0FFH70JG8,Nanjing,B0FFJ1CPHP,Shanghai,285.799,3.28333333333333,12,day 0,12:00,day 0,24:00,4529.209128
812,B0FFH1DRA5,Nanjing,B0FFITJD3C,Wuxi,197.346,2.95,12,day 0,12:00,day 0,24:00,4529.209128
813,B0FFFRXR3L,Yangzhou,B0FFHC9CJ8,Suzhou,253.34,3.78333333333333,14,day 0,12:00,day 0,24:00,5284.077316
814,B020216GML,Yangzhou,B0GDDXZDXN,Suzhou,211.43,2.81666666666667,15,day 0,08:00,day 0,20:00,5661.51141
815,B0FFK7ZQFN,Wuxi,B00156ODDT,Shanghai,123.978,1.71666666666667,12,day 0,08:00,day 0,20:00,4529.209128
816,B0FFHLH9SB,Zhenjiang,B0FFHDQA5M,Suzhou,168.53,2.15,12,day 0,08:00,day 0,20:00,4529.209128
817,B0GKC6MA4E,Yangzhou,B0FFHY6PN3,Suzhou,205.452,2.68333333333333,6,day 0,08:00,day 0,20:00,2264.604564
818,B0202173FW,Yangzhou,B0FFFU612V,Wuxi,160.007,1.98333333333333,5,day 0,12:00,day 0,24:00,1887.17047
819,B0FFHCRHH3,Changzhou,B0FFFTQ4U7,Wuxi,61.423,1.2,19,day 0,12:00,day 0,24:00,7171.247786
820,B0FFGYNGHQ,Changzhou,B0FFJRVTYE,Shanghai,185.69,2.31666666666667,7,day 0,08:00,day 0,20:00,2642.038658
821,B020215DUP,Yangzhou,B02000JJN1,Suzhou,208.853,2.78333333333333,6,day 0,08:00,day 0,20:00,2264.604564
822,B020215DUP,Yangzhou,B0FFL37B6B,Suzhou,236.809,3.15,4,day 0,12:00,day 0,24:00,1509.736376
823,B0GKC6MA4E,Yangzhou,B0FFHFSCFH,Suzhou,235.144,3.1,9,day 0,12:00,day 0,24:00,3396.906846
824,B0HDRHT0UU,Nanjing,B0FFH62FC9,Shanghai,334.703,4.05,11,day 0,12:00,day 0,24:00,4151.775034
825,B0FFG0GSMW,Yangzhou,B0FFKSVI1S,Shanghai,372.906,5.03333333333333,15,day 0,12:00,day 0,24:00,5661.51141
826,B020215DUP,Yangzhou,B00156GGDT,Shanghai,292.637,3.88333333333333,18,day 0,08:00,day 0,20:00,6793.813692
827,B0FFHXJXZR,Changzhou,B0FFFTQ4U7,Wuxi,123.954,1.76666666666667,19,day 0,08:00,day 0,20:00,7171.247786
828,B0G3AZBRXL,Yangzhou,B0FFHD3E8G,Suzhou,205.489,2.73333333333333,19,day 0,08:00,day 0,20:00,7171.247786
829,B0FFLC9J93,Nanjing,B0FFHDQA5M,Suzhou,267.945,3.55,11,day 0,08:00,day 0,20:00,4151.775034
830,B0FFH3869T,Zhenjiang,B0IG9RDYYV,Suzhou,222.388,2.8,7,day 0,12:00,day 0,24:00,2642.038658
831,B0FFHXJXZR,Changzhou,B0FFJ1CPHP,Shanghai,214.462,2.65,7,day 0,08:00,day 0,20:00,2642.038658
832,B0FFG9F43K,Changzhou,B01FE15UUN,Wuxi,66.031,1.08333333333333,16,day 0,12:00,day 0,24:00,6038.945504
833,B0G0ZLYTOF,Nanjing,B0FFHJD9U9,Wuxi,147.514,2.4,12,day 0,12:00,day 0,24:00,4529.209128
834,B0FFF4HNKG,Yangzhou,B0FFI8WH5V,Suzhou,171.645,2.45,18,day 0,08:00,day 0,20:00,6793.813692
835,B0G0NZW2VU,Nanjing,B01FE15UUN,Wuxi,191.106,2.38333333333333,15,day 0,12:00,day 0,24:00,5661.51141
836,B01FE0J0V7,Wuxi,B0FFGO36Q6,Shanghai,181.345,2.45,18,day 0,08:00,day 0,20:00,6793.813692
837,B0GUCU8FLD,Zhenjiang,B0FFGJ1NAK,Suzhou,191.785,2.5,20,day 0,08:00,day 0,20:00,7548.68188
838,B0G0NZW2VU,Nanjing,B0FFI9JCED,Shanghai,270.928,3.41666666666667,9,day 0,08:00,day 0,20:00,3396.906846
839,B0FFF8Z69A,Changzhou,B0FFFU612V,Wuxi,60.688,1.21666666666667,4,day 0,12:00,day 0,24:00,1509.736376
840,B0G0NZW2VU,Nanjing,B02000JR6M,Suzhou,188.548,2.4,16,day 0,08:00,day 0,20:00,6038.945504
841,B0FFG2575E,Zhenjiang,B0FFH61OBO,Suzhou,211.797,2.63333333333333,18,day 0,08:00,day 0,20:00,6793.813692
842,B0FFJN8WFQ,Wuxi,B01FE15XQH,Wuxi,72.061,1.35,6,day 0,12:00,day 0,24:00,2264.604564
843,B0FFK83QI3,Nanjing,B0GDDXZDXN,Suzhou,236.767,2.65,12,day 0,12:00,day 0,24:00,4529.209128
844,B0FFH1DRA5,Nanjing,B0FFH0WGKS,Suzhou,242.501,2.86666666666667,5,day 0,12:00,day 0,24:00,1887.17047
845,B0FFHE4XO4,Changzhou,B0IG9RDYYV,Suzhou,118.734,1.9,6,day 0,12:00,day 0,24:00,2264.604564
846,B020215DUP,Yangzhou,B0FFFOM198,Suzhou,180.302,2.58333333333333,6,day 0,08:00,day 0,20:00,2264.604564
847,B0FFL7OZ0J,Wuxi,B0FFHNXOVT,Suzhou,110.813,1.6,7,day 0,08:00,day 0,20:00,2642.038658
848,B0GUAXEBYM,Changzhou,B0FFLCF954,Shanghai,166.877,2.56666666666667,20,day 0,12:00,day 0,24:00,7548.68188
849,B0FFHXJXZR,Changzhou,B0FFFU612V,Wuxi,96.372,1.33333333333333,15,day 0,08:00,day 0,20:00,5661.51141
850,B0GKC6MA4E,Yangzhou,B0FFFOM198,Suzhou,204.245,2.85,12,day 0,12:00,day 0,24:00,4529.209128
851,B0FFHLH9SB,Zhenjiang,B0FFH0WGKS,Suzhou,178.848,2.33333333333333,15,day 0,08:00,day 0,20:00,5661.51141
852,B0G3AZBRXL,Yangzhou,B0FFK7ZQFN,Wuxi,147.343,1.9,14,day 0,08:00,day 0,20:00,5284.077316
853,B0FFHJD9U9,Wuxi,B0FFLCF954,Shanghai,134.721,2.36666666666667,13,day 0,08:00,day 0,20:00,4906.643222
854,B0G13KYBJL,Nanjing,B0IGCZC15I,Suzhou,283.109,3.38333333333333,11,day 0,12:00,day 0,24:00,4151.775034
855,B0FFG9F43K,Changzhou,B0FFHFSCFH,Suzhou,100.773,1.6,19,day 0,08:00,day 0,20:00,7171.247786
856,B0FFH4SOJP,Nanjing,B0GDDXZDXN,Suzhou,220.622,2.4,7,day 0,08:00,day 0,20:00,2642.038658
857,B0FFHF2VI7,Wuxi,B0FFHFSCFH,Suzhou,71.834,1.33333333333333,6,day 0,08:00,day 0,20:00,2264.604564
858,B0FFGTI293,Changzhou,B0FFI9JCED,Shanghai,178.829,2.41666666666667,18,day 0,08:00,day 0,20:00,6793.813692
859,B0FFGYNGHQ,Changzhou,B02000JJN1,Suzhou,116.007,1.6,11,day 0,08:00,day 0,20:00,4151.775034
860,B01FE0J0V7,Wuxi,B0FFHC9CJ8,Suzhou,53.23,1.23333333333333,8,day 0,08:00,day 0,20:00,3019.472752
861,B0FFHCRHH3,Changzhou,B0FFKDRXE8,Shanghai,220.06,2.88333333333333,17,day 0,12:00,day 0,24:00,6416.379598
862,B0G3AZBRXL,Yangzhou,B0FFHY6PN3,Suzhou,183.212,2.3,17,day 0,08:00,day 0,20:00,6416.379598
863,B0G0NZW2VU,Nanjing,B0FFGPRVIT,Shanghai,289.44,3.6,17,day 0,12:00,day 0,24:00,6416.379598
864,B0FFL9Q85P,Nanjing,B0FFKSVI1S,Shanghai,313.643,3.78333333333333,9,day 0,12:00,day 0,24:00,3396.906846
865,B0FFG2575E,Zhenjiang,B0G2MKTPMP,Shanghai,243.253,2.95,9,day 0,12:00,day 0,24:00,3396.906846
866,B0FFG9F43K,Changzhou,B0FFGO36Q6,Shanghai,191.328,2.51666666666667,14,day 0,08:00,day 0,20:00,5284.077316
867,B0H1TCJ4IO,Yangzhou,B0FFLCF954,Shanghai,245.602,3.43333333333333,11,day 0,08:00,day 0,20:00,4151.775034
868,B0FFHE4XO4,Changzhou,B0FFKSVI1S,Shanghai,202.501,2.86666666666667,19,day 0,12:00,day 0,24:00,7171.247786
869,B0FFHJD9U9,Wuxi,B0FFFA2AO6,Shanghai,144.075,2.08333333333333,12,day 0,08:00,day 0,20:00,4529.209128
870,B0FFF8Z69A,Changzhou,B0FFL37B6B,Suzhou,163.407,2.35,18,day 0,12:00,day 0,24:00,6793.813692
871,B0FFFRXR3L,Yangzhou,B0FFHF2VI7,Wuxi,228.259,3.46666666666667,4,day 0,08:00,day 0,20:00,1509.736376
872,B0H1TCJ4IO,Yangzhou,B0FFHD3E8G,Suzhou,195.086,2.7,9,day 0,12:00,day 0,24:00,3396.906846
873,B0H1TCJ4IO,Yangzhou,B0FFHF2VI7,Wuxi,141.355,2.3,7,day 0,12:00,day 0,24:00,2642.038658
874,B0202173FW,Yangzhou,B0FFH62FC9,Shanghai,313.145,4,7,day 0,08:00,day 0,20:00,2642.038658
875,B0FFF8Z69A,Changzhou,B02000JR6M,Suzhou,105.505,1.71666666666667,17,day 0,12:00,day 0,24:00,6416.379598
876,B0FFL9CGXN,Nanjing,B0FFH62FC9,Shanghai,300.242,3.9,5,day 0,08:00,day 0,20:00,1887.17047
